latitude,longitude
53.4619867,9.8544548
53.6185538,10.0731676
53.4779975,10.2394884
53.590613,10.1786475
53.468268,9.9675139
53.4651684,9.9482737
53.6161635,10.1212615
53.616286,10.1208637
53.5210779,9.7796666
53.6109447,10.1637856
53.5938415,10.1824916
53.6192507,9.9009184
53.4708123,9.9323986
53.6276836,10.100182
53.4705251,9.9527705
53.5030815,9.9051875
53.5921246,10.1736593
53.629887,9.9396928
53.5899144,10.0780441
53.5887572,10.0784592
53.5906541,10.08445
53.5923185,10.075864
53.5917169,10.0751114
53.5854694,10.0782472
53.5850474,10.0782349
53.5847437,10.0776652
53.5848961,10.0795237
53.5864552,10.0860885
53.5863177,10.0864954
53.5878613,10.0928904
53.58767,10.0931445
53.5889053,10.0979217
53.5890088,10.099685
53.6263448,9.9371248
53.4262123,9.9615301
53.4697266,9.9621947
53.4692085,9.9637233
53.5123891,10.1781801
53.5125066,10.1786359
53.5113457,10.1861002
53.5115096,10.1866254
53.5099538,10.1855346
53.5107093,10.1979068
53.5107231,10.1973308
53.5108125,10.1979844
53.5045564,10.191354
53.5118295,10.1928384
53.5081063,10.1868629
53.5079488,10.1870609
53.5117231,10.1929157
53.5098449,10.210194
53.5075796,10.2107627
53.5080969,10.2109198
53.5103851,10.2103431
53.513014,10.2089754
53.5101628,10.2096678
53.5046028,10.2118651
53.5062359,10.1993575
53.5046443,10.203787
53.5073079,10.199188
53.5025187,9.8776822
53.5298516,9.8054176
53.5474199,10.0851071
53.5475553,10.0842941
53.5478158,10.0851153
53.5917301,10.0875917
53.5939304,10.0862837
53.5949051,10.0857
53.595304,10.0913288
53.6181205,10.0900203
53.6178619,10.0889753
53.6149271,10.0764836
53.6090495,10.0730826
53.6081209,10.0719078
53.6087803,10.0712371
53.6085838,10.0730438
53.6023112,10.0696354
53.6006777,10.0680792
53.5998885,10.0697275
53.5999958,10.0699107
53.5968754,10.0719872
53.5966257,10.0724277
53.5803773,10.0811237
53.5802074,10.0809969
53.5793421,10.0756171
53.5794948,10.0740479
53.5743629,10.0736418
53.5749507,10.0745742
53.5749137,10.0759903
53.57102,10.0828218
53.5477574,10.0854319
53.5797926,10.1446881
53.5929144,10.171247
53.5952334,10.0914579
53.5968665,10.0916585
53.5971614,10.0919163
53.6002083,10.091325
53.5993798,10.0914666
53.5824217,10.0686422
53.5822702,10.0663088
53.5829804,10.0675529
53.5817759,10.0678128
53.4897646,10.1531608
53.5842074,10.0537719
53.5851315,10.0530258
53.5519464,10.0115358
53.5770224,10.0247978
53.5788229,10.0227808
53.4500443,9.937463
53.5583683,9.8614695
53.5663172,9.8662215
53.6033072,9.8930386
53.6033862,9.8925666
53.5267786,9.8230436
53.5866621,10.0332058
53.5016061,10.205673
53.471704,9.9314053
53.5824931,9.8576608
53.5819121,9.8570213
53.5843059,9.8528219
53.4171521,9.9827822
53.4457765,9.9911735
53.4469115,9.9908866
53.4506421,9.9877066
53.4513075,9.9873239
53.6551996,10.1255287
53.6556857,10.1327226
53.5653241,9.9123106
53.5451068,9.9697707
53.5980935,10.0419976
53.5992053,10.0415709
53.6548333,10.1178029
53.6437623,10.1206688
53.5786401,10.0498553
53.5787755,10.0497166
53.5795792,9.8300091
53.579794,9.8301239
53.4341061,10.0108613
53.4342452,10.0102306
53.4374749,10.0041248
53.4375669,10.0037892
53.4398846,10.0018179
53.440013,10.0013853
53.4427442,9.9971391
53.4426163,9.9971115
53.5732721,9.8469399
53.5944431,10.0441399
53.5940619,10.0440401
53.5515032,10.0041463
53.5515913,10.0037825
53.5788449,10.0138237
53.5786675,10.0137252
53.580395,10.0195394
53.5808123,10.0204696
53.5784072,10.0218767
53.5766365,10.0239005
53.5747722,10.0219395
53.5745699,10.0217767
53.5788312,10.0322302
53.6562866,10.1600058
53.653333,10.1510159
53.6560678,10.1345964
53.4721768,10.2618558
53.4725894,10.2604537
53.4776963,10.2416583
53.5692398,9.8663075
53.5713749,9.8684508
53.5710854,9.870117
53.4722361,9.882688
53.5561822,9.9773358
53.5559036,9.9774258
53.5547806,9.9813267
53.5544136,9.9816403
53.5523907,9.9852323
53.5514287,9.9856411
53.5503904,9.993798
53.5503215,9.9940737
53.5470248,10.0612712
53.5464236,10.0608406
53.5471562,10.0572752
53.5470458,10.0576027
53.6322377,10.1052861
53.4719931,9.8844338
53.5552085,9.9513929
53.5840675,10.0207113
53.5838648,10.0203806
53.5869284,10.0175085
53.5863188,10.016876
53.5950926,9.9854373
53.6011138,9.9847885
53.5998394,9.9837472
53.6126269,10.0164746
53.6148367,10.0219826
53.6171653,10.0267012
53.6168229,10.0257139
53.6145574,10.0211885
53.6124616,10.0156048
53.6067327,9.9930841
53.6056542,9.9962445
53.6089149,10.0109192
53.6085064,10.0099521
53.6073966,10.0054328
53.6068624,10.0039571
53.604798,9.9996081
53.6015545,9.9966698
53.6016111,9.9969411
53.5972443,9.9968825
53.5976983,9.9970617
53.5946474,9.9991383
53.5944048,9.9995847
53.5941193,9.9960564
53.5941811,9.9968114
53.5929806,9.9890195
53.5973158,9.9794617
53.5977707,9.9773575
53.5984195,9.9725096
53.5987615,9.9710639
53.5946129,9.9666637
53.5935613,9.9665356
53.5520008,9.9402004
53.5516093,9.9457683
53.4242003,9.9733134
53.6148516,10.0355221
53.6121673,10.0368759
53.6077994,10.0385433
53.6049467,10.0401638
53.6017772,10.040751
53.6020117,10.0409897
53.6088366,10.0122228
53.6084337,10.0114548
53.6068874,10.0116862
53.5884831,9.9913222
53.5999233,9.9940395
53.6057767,9.9962347
53.6066268,9.9936798
53.589094,9.9576979
53.5883487,9.9573837
53.5836963,9.9558667
53.5838158,9.9559524
53.5812402,9.9566759
53.5806242,9.9573242
53.5591719,9.9492898
53.5581156,9.9493693
53.5531871,9.9542862
53.5533638,9.9544153
53.5653419,9.8015619
53.5511912,9.9467365
53.5512696,9.9460469
53.5341155,10.0421783
53.5338314,10.0456018
53.5333904,10.0469566
53.5342013,10.0427591
53.5966516,9.9880544
53.5974067,9.9892354
53.5920775,9.9830327
53.591701,9.9824509
53.5899597,9.9781218
53.5904462,9.9795251
53.5891411,9.9761996
53.5891895,9.9766411
53.5873195,9.971506
53.5551268,9.9889398
53.5508188,9.9938604
53.5471246,10.0107596
53.5477893,10.0128331
53.5454805,10.0157092
53.5440094,10.020972
53.5431128,10.0229485
53.5406206,10.0316953
53.5404241,10.0318683
53.5363421,10.0349077
53.5365555,10.0349962
53.5347613,10.0385364
53.534519,10.038525
53.4027051,10.2417898
53.4024894,10.2413157
53.4083661,10.2464916
53.408401,10.2463506
53.4108718,10.2369661
53.4109754,10.2366789
53.3980111,10.234486
53.3979366,10.2346741
53.4187418,10.1995333
53.4186005,10.1995487
53.5498106,9.9545565
53.5947881,9.983779
53.4116772,10.1522036
53.4116293,10.1520692
53.448139,10.123622
53.4475098,10.1240533
53.4509336,10.1160271
53.4506408,10.1166856
53.4567068,10.1055357
53.4637583,10.088557
53.4635286,10.0887268
53.5323179,10.052047
53.6076336,10.0330292
53.6073264,10.0328616
53.6057168,10.0265885
53.59994,10.0122505
53.6057509,10.0182645
53.5598304,9.9603265
53.5603593,9.9593908
53.5715626,9.7422939
53.5713661,9.742447
53.5777868,9.7696961
53.5772948,9.7686284
53.5773077,9.7583512
53.5772307,9.7583652
53.5711382,9.7577293
53.5712357,9.7578782
53.5769801,9.774238
53.5769669,9.7739224
53.6731629,9.9953994
53.6735833,9.9939626
53.5326533,10.0509823
53.5315682,10.0564171
53.5306571,10.0643799
53.5279939,10.0689275
53.5219724,10.0676667
53.5181763,10.0695352
53.5150301,10.0747437
53.5134654,10.0801471
53.5008021,10.0788738
53.5601186,10.0148565
53.559952,10.0144112
53.5632647,10.017593
53.5571889,10.0110038
53.557472,10.0112317
53.5207595,10.0131355
53.6043529,9.9618604
53.573276,9.7575895
53.573044,9.7575634
53.5711865,9.7885521
53.5703544,9.7893067
53.5768848,9.7637557
53.5767065,9.7655368
53.5658163,9.7997738
53.5304905,10.0648104
53.5789943,10.0695907
53.5670313,10.0309464
53.5923686,9.9536212
53.5920407,9.954488
53.5922289,9.9509376
53.5925549,9.9515756
53.5905962,9.9471809
53.5906761,9.9466956
53.5714117,9.7515804
53.5713316,9.750818
53.6186381,10.0796354
53.5788311,10.0948858
53.5790578,10.0974231
53.618792,10.0809352
53.6194357,10.0810643
53.6287873,10.107858
53.6273796,10.1094262
53.6237785,10.1116604
53.6238916,10.1111803
53.4860984,10.2024059
53.4791162,10.1976436
53.6004699,10.0163411
53.599005,10.0055259
53.6409767,10.0369592
53.6410348,10.0373406
53.6568055,10.0855204
53.5716235,10.0391502
53.57245,10.0386654
53.5679688,10.0300784
53.566012,10.0206761
53.5659588,10.0200438
53.5592727,9.805203
53.5582792,9.8080926
53.558392,9.8109824
53.5829976,10.1134701
53.5831075,10.1147113
53.6492598,10.0175151
53.6495103,10.0163667
53.5700539,10.0582221
53.6667949,9.9920206
53.6663167,9.9917703
53.6714064,9.9923018
53.6736453,9.9946299
53.6257999,10.1168897
53.6417067,10.0974564
53.6682791,10.1061847
53.6531606,10.0780069
53.6416132,10.0970128
53.6384399,10.0359287
53.4784319,10.0236153
53.5881528,10.1298132
53.5876596,10.1289467
53.656937,10.0857017
53.6564119,10.0858479
53.6465733,9.9262046
53.547614,10.0392786
53.548019,10.038115
53.6370472,10.0299836
53.5710663,9.8741582
53.5749576,9.9593943
53.5743188,9.9594875
53.5711736,9.9569983
53.5715517,9.9569671
53.5665256,9.9520014
53.5664678,9.9513338
53.5722793,9.9792323
53.5660706,10.0196864
53.5659265,10.0195885
53.5714957,9.9704675
53.56766,9.9710193
53.5721203,9.9704616
53.5742352,9.9602361
53.5748811,9.9582402
53.57611,9.9508509
53.5750708,9.9456278
53.5756054,9.9447225
53.5781106,9.9413707
53.5779387,9.9413113
53.5763134,9.9698392
53.5754762,10.0921377
53.5753249,10.0925777
53.5475571,10.0523881
53.5477352,10.0518595
53.5692485,9.8786299
53.5994918,9.9648371
53.639033,10.1570336
53.6270364,10.1228926
53.6287635,10.1336744
53.6345921,10.1363883
53.6356461,10.1358684
53.5639169,9.9604023
53.5638779,9.9608944
53.5651018,9.9651663
53.5651403,9.9647841
53.5795172,9.94528
53.5768237,10.0836907
53.5765798,10.0816089
53.5780412,10.0890226
53.5778645,10.0894371
53.5799312,10.1012283
53.5801079,10.1032809
53.5820433,10.11092
53.5975032,10.1320261
53.6457499,9.9758405
53.6455841,9.9738941
53.6451066,9.974215
53.6495766,9.9879869
53.6493323,9.988332
53.6322708,10.0259948
53.6329905,10.179922
53.547357,10.0373827
53.546514,10.0393586
53.6098026,9.8993331
53.5405209,9.9938869
53.5536128,10.0904304
53.6448515,10.0131293
53.6446716,10.0129285
53.5555284,9.9883536
53.5294783,10.0237651
53.5296554,10.0240667
53.5799883,10.0695794
53.6359967,10.1785897
53.6339881,10.1789853
53.6394263,10.1563814
53.5077914,10.179894
53.5798494,9.8852478
53.5808779,9.8843594
53.6000148,10.156185
53.5999437,10.1558924
53.5465531,9.9625235
53.60564,9.9289602
53.6056757,9.9290999
53.5473572,9.8632692
53.5445651,9.8245655
53.5568795,10.0194565
53.5569263,10.0201059
53.5549193,10.0156956
53.5551034,10.0155213
53.5883099,9.8521162
53.5874347,9.851648
53.5928884,9.8530367
53.4483534,9.9433161
53.5159678,9.9935173
53.5984894,9.9375557
53.5659889,9.9107801
53.5738055,9.8922477
53.5688583,9.9028846
53.5691135,9.9028719
53.5715515,9.8978692
53.55442,9.9285304
53.5551984,9.9286091
53.5532894,9.9316684
53.5541837,9.9319528
53.4397644,9.9883202
53.4390464,9.9875277
53.4449418,9.9916656
53.5769523,9.8232623
53.5492028,9.9506496
53.5492756,9.9499054
53.5679913,9.9694733
53.4253021,9.9647521
53.4004629,10.1684328
53.4005048,10.1686747
53.6178519,10.0052809
53.6178924,10.0053734
53.6158404,10.0075152
53.6156164,10.0077693
53.5677341,9.9703294
53.6095288,9.9588898
53.6099391,9.9583015
53.6099167,9.960972
53.6101036,9.9595991
53.5921868,9.9299868
53.5922641,9.9275176
53.5557437,9.9433794
53.5546108,9.9406995
53.6022465,10.1815781
53.5990773,10.0063968
53.5609506,9.9541746
53.5583418,9.9480385
53.5587014,9.9499413
53.5726004,9.9834505
53.5724621,9.9836752
53.5727564,9.9891294
53.5725764,9.9892056
53.582848,9.934806
53.5879827,9.9318747
53.5967751,9.9221784
53.5968295,9.9216221
53.5655374,10.0203107
53.5949293,10.0003158
53.5777427,10.0178295
53.5774329,10.0183911
53.5645495,10.0342304
53.5995366,9.9645528
53.5315536,10.0557371
53.522492,10.0714371
53.5182555,10.0782546
53.5175008,10.0789506
53.5161017,10.0817449
53.5125962,10.0873113
53.5115759,10.0872058
53.5010638,10.0794248
53.4970977,10.0774252
53.4975763,10.0779821
53.4924412,10.0675034
53.4925163,10.0679316
53.4916428,10.0656979
53.4910187,10.065521
53.4849438,10.0724245
53.4856655,10.0718791
53.4804372,10.0758676
53.4799078,10.0760654
53.4776517,10.0774378
53.4773682,10.0777125
53.4737432,10.0791864
53.4734274,10.078937
53.4716116,10.0746305
53.4715929,10.0748054
53.4678375,10.0666808
53.4682852,10.0677894
53.4626775,10.0670105
53.4630333,10.0669157
53.4603386,10.0697056
53.4601451,10.070239
53.457603,10.0750841
53.4572781,10.0757307
53.4562407,10.0800296
53.448801,10.090886
53.4483977,10.0921595
53.4407524,10.1011131
53.4404943,10.1014716
53.43675,10.1070419
53.4309617,10.1130418
53.4299408,10.1141505
53.4253174,10.1221931
53.4254298,10.1217954
53.4232443,10.1393255
53.423089,10.1397851
53.4164533,10.1486313
53.416087,10.1487413
53.406284,10.1584557
53.4063179,10.1585983
53.3989384,10.1842869
53.4018143,10.1894656
53.4018386,10.1898113
53.4036267,10.1966626
53.4022077,10.2043686
53.402042,10.2051256
53.4000106,10.2094883
53.3989147,10.2154167
53.3987334,10.2165251
53.3976403,10.2250005
53.3977266,10.2250002
53.4172891,10.2526532
53.4174008,10.2529162
53.4223733,10.2569877
53.4228256,10.2579499
53.426851,10.2736994
53.4270314,10.2728929
53.4267088,10.2796247
53.4267636,10.2791817
53.4274372,10.2851006
53.4276223,10.2856899
53.4288219,10.2912955
53.4288597,10.2909371
53.4332259,10.2989176
53.4335825,10.2991161
53.4397698,10.3030723
53.5610969,9.9553559
53.5615343,9.9541441
53.5586552,9.9631061
53.5582038,9.9634348
53.6299479,9.9278833
53.6292618,9.9292126
53.5873572,9.9719559
53.5617666,9.9485017
53.5592154,9.8133479
53.5601933,9.8034571
53.5583468,9.803192
53.557074,9.8037089
53.5581375,9.7974274
53.5592604,9.7924171
53.5618175,9.7923951
53.5617974,9.7977815
53.5627098,9.798955
53.5629066,9.801932
53.5631077,9.804441
53.5624319,9.8072952
53.5606205,9.8231067
53.5610437,9.822477
53.6206418,9.9979003
53.6236724,10.0102135
53.6706384,9.9920338
53.5826986,9.93364
53.5842275,9.9336899
53.5800009,9.934786
53.5788165,9.9363544
53.574816,9.9392391
53.573726,9.9406132
53.5684673,9.94388
53.5694192,9.9443378
53.5655094,9.9444021
53.5636385,9.9451973
53.6275593,9.909658
53.6273736,9.9108736
53.6224917,9.9086067
53.6226422,9.9089362
53.6155363,9.9066401
53.6153453,9.906844
53.6483612,9.9205962
53.6455201,9.92175
53.6448752,9.9222062
53.5503412,9.955889
53.5548079,9.9516048
53.5604679,9.9536072
53.6491572,9.9205773
53.5923239,9.9034067
53.5930211,9.8977406
53.5925961,9.8996583
53.5930508,9.8926301
53.5932494,9.8903512
53.5889941,9.8757151
53.5880567,9.8762777
53.5865455,9.8728011
53.5864132,9.8731323
53.5854497,9.8674359
53.5847568,9.8664864
53.5820131,9.866729
53.5778705,9.8659247
53.5728159,9.8649342
53.5717209,9.8623925
53.5720359,9.8616065
53.5727456,9.8476108
53.5714139,9.8402335
53.5715274,9.8407047
53.5688472,9.8350142
53.5684908,9.834672
53.5649978,9.8464214
53.5658235,9.8466997
53.5606541,9.8419782
53.5615167,9.8432558
53.5670366,9.8330972
53.5665929,9.8322735
53.5544229,9.8445162
53.5533237,9.8447428
53.5502294,9.8455063
53.5504348,9.8450253
53.5489588,9.8533889
53.5493444,9.8518728
53.4568124,9.9860867
53.459266,9.9842235
53.4365374,9.9854843
53.4360611,9.9854612
53.4332377,9.9868053
53.4331814,9.9859798
53.4340181,9.98968
53.4319711,9.9838676
53.4312302,9.9830355
53.4286973,9.9824681
53.4250239,9.9812643
53.4241018,9.9805239
53.4165285,9.9844913
53.616306,9.9873206
53.6154752,9.9857383
53.6141806,9.9835282
53.6142298,9.9839173
53.6122455,9.9731929
53.6127886,9.9747147
53.610907,9.9743738
53.6099506,9.9746478
53.6076821,9.9780048
53.6070433,9.9788134
53.6038982,9.9857804
53.6043567,9.9852595
53.5905259,9.9875331
53.5899309,9.9869655
53.5860999,9.9833151
53.5863189,9.983172
53.5839044,9.9837555
53.5836754,9.9838601
53.5771806,9.9890023
53.5770993,9.9887888
53.5732827,9.9885416
53.5733921,9.988827
53.5683757,9.9883049
53.5529547,9.9928234
53.553284,9.992705
53.5509555,9.9939649
53.5507272,9.9988121
53.5507799,9.9983027
53.5470267,9.99683
53.5470764,9.9971977
53.5497032,9.996091
53.54418,9.9903659
53.5720027,9.9122263
53.5715949,9.9139146
53.5731551,9.9085867
53.5733775,9.9937577
53.5767558,9.9934717
53.5758574,9.9930025
53.5792417,9.9940375
53.5792035,9.9938092
53.5835454,9.9945445
53.5835859,9.9953226
53.5865495,10.0020418
53.5867534,10.0020989
53.5906388,10.0154617
53.5839368,10.0096818
53.5815412,10.0116283
53.5801817,10.0125403
53.5742444,10.0148888
53.5748893,10.0149714
53.5703447,10.0170698
53.5708638,10.0164867
53.5540093,10.0081194
53.5531211,10.0087244
53.6098904,9.9659122
53.6100812,9.9639521
53.6101529,9.968244
53.6095948,9.9687021
53.6184527,9.9996797
53.6190282,9.9993168
53.6136933,10.008733
53.613157,10.008899
53.605181,10.014482
53.6331696,9.9059485
53.6336776,9.9051862
53.6004446,10.0357738
53.5924914,10.0382146
53.5934013,10.0380927
53.5830461,10.0562657
53.5835455,10.0575973
53.5862556,10.063583
53.5674024,10.074765
53.5677211,10.0746063
53.5651637,10.0777878
53.5640016,10.0782166
53.5593711,10.0810009
53.5596104,10.0811602
53.5512866,10.0944205
53.5498369,10.0991801
53.5498371,10.0998479
53.5479177,10.1065041
53.5473434,10.1077089
53.5454788,10.1141215
53.5456131,10.1143072
53.5453562,9.9314127
53.5453221,9.9320741
53.5447076,9.9249226
53.5447231,9.9258034
53.5442662,9.9213064
53.5443464,9.9204653
53.5441514,9.9150064
53.550194,9.939985
53.5464516,9.9701733
53.5462468,9.9693742
53.5514405,9.9746707
53.5503788,9.9741103
53.5499224,9.9706927
53.5502066,9.9703288
53.5863953,10.125758
53.5864144,10.1253728
53.5559926,10.0419361
53.5588479,10.0481511
53.5607331,10.0556881
53.5600599,10.0622019
53.5593915,10.0676912
53.5575917,10.0757504
53.5563128,10.079664
53.5598759,10.1086928
53.5625705,10.1087089
53.5710073,10.105492
53.5743789,10.0990501
53.5731589,10.0924131
53.5715728,10.0839168
53.5685967,10.0514308
53.5682403,10.0439305
53.5742095,10.037136
53.5804253,10.032402
53.5840632,10.0338525
53.58772,10.0342476
53.5874309,10.0367688
53.5868955,10.0447105
53.5969408,10.1528306
53.5963497,10.1525306
53.594065,10.1449988
53.5939129,10.1449715
53.5929829,10.1384531
53.5920291,10.1359821
53.5819585,10.1095806
53.5758918,9.8231463
53.5749124,9.8348119
53.5735466,9.837826
53.5741217,9.8363883
53.5710672,9.8766841
53.5726782,9.8868009
53.5727379,9.8864391
53.5672966,9.8886288
53.5570966,9.893603
53.5572572,9.8914544
53.5564869,9.9016972
53.5565098,9.9010127
53.5552312,9.898417
53.5541483,9.9103849
53.5546782,9.9082491
53.5539772,9.9171017
53.5537857,9.9163727
53.5509922,9.9185845
53.5515994,9.9180046
53.5508853,9.9252712
53.5499454,9.9257081
53.5494939,9.9297227
53.5504578,9.9282452
53.5844795,9.8805108
53.5915601,9.8728061
53.5930903,9.8704426
53.5967306,9.8658402
53.5973374,9.8645008
53.5913588,10.045576
53.6080736,10.0370938
53.6088446,10.0444504
53.6081278,10.0442476
53.6108052,10.0487476
53.6104605,10.0499112
53.6111511,10.046569
53.6117094,10.0452277
53.6096369,10.0553713
53.6099849,10.0535259
53.6103817,10.0594744
53.610316,10.0582424
53.6124209,10.0645174
53.6116432,10.0631472
53.4709368,10.0826181
53.5771502,9.8592358
53.4442253,10.1280786
53.4403961,10.1290719
53.5783043,9.8640616
53.4350623,10.1297396
53.4297849,10.1341643
53.4237025,10.1401221
53.4214819,10.1444125
53.4201816,10.1478038
53.418494,10.1505758
53.4130037,10.1562307
53.411592,10.1624899
53.407446,10.1778861
53.4040047,10.1862755
53.5934382,9.8826185
53.5936784,9.8832305
53.5968261,9.8851674
53.5970145,9.8855783
53.400804,10.1836385
53.5986449,9.886518
53.599076,9.8873039
53.6013133,9.8897084
53.6011568,9.8842913
53.6010133,9.8838858
53.6013591,9.8798639
53.6008976,9.8815148
53.6040097,9.8768263
53.4049,10.1863627
53.4111909,10.1910134
53.4161685,10.1958638
53.6067034,9.8713781
53.6070019,9.8651487
53.420467,10.2023631
53.4210078,10.2024413
53.4271487,10.2033058
53.4307183,10.1983371
53.4374465,10.1975974
53.4373093,10.1875947
53.4408472,10.1840575
53.4442988,10.1738984
53.4494565,10.1806744
53.4580782,10.1925299
53.4631816,10.1997464
53.4654566,10.2018606
53.4719207,10.2040338
53.4808329,10.208127
53.4852866,10.2099594
53.4949536,10.2076695
53.4986481,10.2028678
53.5024019,10.1951562
53.5047419,10.1888666
53.523873,10.1493752
53.5613166,9.8115131
53.5613125,9.8117078
53.5604776,9.8184436
53.5567615,9.8213571
53.5604439,9.8191129
53.5598731,9.8216266
53.5565698,9.8211718
53.5544035,9.820522
53.5532967,9.9768429
53.5531035,9.9762556
53.5550124,9.9789148
53.5551024,9.9785748
53.558324,9.9880088
53.5581127,9.9882444
53.5564225,9.9995131
53.5548699,10.0018358
53.5526306,10.0057288
53.5524501,10.0053352
53.5456721,10.0161468
53.5475248,10.0291435
53.5472321,10.0287716
53.5496838,10.0365838
53.5496953,10.0368341
53.5481246,10.0466586
53.5482998,10.0463552
53.5556956,9.8905424
53.5555948,9.8908019
53.5481932,9.8901055
53.549016,9.8899826
53.5523015,9.8909152
53.5524631,9.8935342
53.5463776,9.8883618
53.5465385,9.8873208
53.5466197,9.8821436
53.5464542,9.8811352
53.5471593,9.8742848
53.5470564,9.8742719
53.5476735,9.8637007
53.5554077,9.8431564
53.5556901,9.8422761
53.5572369,9.837841
53.5571649,9.8377732
53.5603789,9.8316305
53.5601886,9.8328364
53.5661965,9.7932188
53.5662581,9.7941361
53.5654093,9.7900723
53.5655448,9.7915029
53.5660696,9.7835288
53.5659033,9.7837853
53.5668506,9.7797484
53.5688434,9.7728318
53.5686415,9.772994
53.5809439,9.7581959
53.5808243,9.757892
53.5822465,9.7544933
53.5550446,9.8353819
53.5553623,9.8349303
53.5460004,9.8993499
53.5459191,9.8989645
53.5460986,9.9155478
53.5459758,9.9156341
53.5465035,9.9248522
53.5463655,9.92635
53.5496023,9.9562936
53.5495832,9.9616032
53.5493479,9.961645
53.5494828,9.9784186
53.5806816,9.9385577
53.5876812,9.9316508
53.5542466,9.92319
53.5543903,9.923521
53.5570773,9.9009177
53.5141085,9.9110036
53.5141925,9.9127578
53.5175996,9.8903483
53.5179647,9.8898981
53.5201503,9.8860416
53.5197674,9.8851995
53.5268864,9.8838971
53.52978,9.8789523
53.5300488,9.8787914
53.5328095,9.8786724
53.5352035,9.8788655
53.5335546,9.8762962
53.5334541,9.875801
53.5338946,9.8661058
53.5340413,9.8641833
53.534577,9.8599863
53.5348219,9.8592777
53.5356353,9.8529988
53.5356806,9.8536206
53.5263485,9.8216303
53.6648511,10.0011204
53.6602807,10.0025683
53.6565885,10.0048699
53.6534324,10.0067583
53.6498982,10.0092171
53.6489882,10.0163869
53.6396271,10.0121568
53.6396568,10.0128311
53.6331188,10.0170668
53.6225871,10.0118029
53.6187761,10.0142517
53.6139339,10.0194463
53.6002105,10.0184958
53.6085888,10.0635705
53.6084379,10.0682974
53.6081139,10.0814842
53.6059257,10.107408
53.6074294,10.0897829
53.6025166,10.1276349
53.5998319,10.1327125
53.6000683,10.1381177
53.6002774,10.1427495
53.6007147,10.1529361
53.5241928,9.8101711
53.5238354,9.8103992
53.5341037,9.7935262
53.5337788,9.794089
53.5403525,9.7748246
53.5401637,9.7748892
53.5356905,9.779734
53.5354898,9.7796813
53.5336039,9.7754569
53.533536,9.7752981
53.5305564,9.7716631
53.4713487,9.8641204
53.4715454,9.8625927
53.5476576,9.9342785
53.5480803,9.9359989
53.5483376,9.921699
53.5480922,9.9226287
53.5491496,9.9103835
53.5496914,9.901854
53.5496302,9.8986042
53.5530073,9.8820763
53.5529496,9.881775
53.5538908,9.8757857
53.5555713,9.8650961
53.5553603,9.8652291
53.5704715,10.0831637
53.5686022,10.0912417
53.5695891,10.1002553
53.5697128,10.0998692
53.5704439,10.1062239
53.5704488,10.1044262
53.5709525,10.1155038
53.5710937,10.116098
53.5708569,10.1256637
53.5711338,10.1235267
53.5710074,10.1312046
53.5711933,10.1308104
53.5715345,10.1364205
53.5712032,10.134566
53.5740235,10.135253
53.5742691,10.1348279
53.5749215,10.1390164
53.5750048,10.1386633
53.5758932,10.1436574
53.5763394,10.1435631
53.5688156,10.0908087
53.5689857,10.0867579
53.5432869,10.1429757
53.5429456,10.1411045
53.5411079,10.1389433
53.5382797,10.1115597
53.5373594,10.1156204
53.5343044,10.1214999
53.5323973,10.1276111
53.5306551,10.1296551
53.529846,10.137681
53.5298084,10.1398294
53.5297462,10.1444214
53.5296775,10.1484046
53.523874,10.1490042
53.516072,10.1576332
53.5141389,10.1624126
53.5141486,10.1672938
53.5133647,10.1717044
53.5109248,10.2038701
53.5033201,10.2104432
53.498895,10.2101857
53.4947533,10.2076141
53.4836473,10.2206551
53.4815203,10.2260511
53.4797361,10.2306854
53.4734813,10.2554832
53.5109803,10.202737
53.5021905,10.2107493
53.4998981,10.2109876
53.4837859,10.2207002
53.482011,10.2240038
53.4795905,10.2316556
53.4736036,10.2553071
53.5298159,10.14815
53.5298803,10.1443549
53.5298855,10.1420489
53.532682,10.1269772
53.5346622,10.1208697
53.5371055,10.1163273
53.5662961,9.9352613
53.5661545,9.935165
53.5687519,9.9318157
53.5686724,9.931692
53.5701633,9.9236384
53.5701897,9.923473
53.5737731,9.9247118
53.5739382,9.9247788
53.5744126,9.9175297
53.5755406,9.9127363
53.5766208,9.9150881
53.5807444,9.9180587
53.5799517,9.9179466
53.5857607,9.9080695
53.5854951,9.9084512
53.5897928,9.9076273
53.5891289,9.9071316
53.590531,10.184762
53.4478092,9.9807376
53.4500084,9.982212
53.4502591,9.9821789
53.5693979,10.0631229
53.5652504,10.057217
53.560896,10.061158
53.5608963,10.0614609
53.5572736,10.0618888
53.5576118,10.062033
53.5570377,10.0540336
53.5543668,10.0619158
53.5546693,10.0611424
53.5537894,10.0656902
53.5541039,10.0653037
53.5519081,10.0730657
53.552067,10.0732731
53.550521,10.0779969
53.549785,10.0794207
53.5453755,10.0884008
53.5451861,10.0893623
53.542042,10.0966423
53.5426931,10.0950897
53.5406986,10.1001816
53.5408187,10.1014409
53.5416611,10.1016927
53.5646973,10.0576085
53.6030077,10.0847089
53.6029852,10.0842957
53.601019,10.0802706
53.6013468,10.0812689
53.6030195,10.0782884
53.60305,10.0780789
53.6066606,10.0810935
53.605709,10.0806081
53.6088562,10.0803532
53.6089573,10.0801371
53.6113301,10.0804226
53.6111752,10.0801562
53.6089946,10.0677434
53.6148875,10.0678452
53.5499494,9.9405475
53.4577099,9.9468497
53.460907,9.9401668
53.4617803,9.9447217
53.4520862,9.9835601
53.452208,9.9831256
53.4640351,9.9688705
53.4636883,9.9701261
53.4513892,9.9479607
53.4498142,9.9379319
53.4506053,9.9235584
53.4504256,9.9238747
53.4549664,9.9373495
53.4552648,9.9426333
53.4553256,9.9430929
53.4549863,9.9367287
53.4537732,9.9294453
53.4538198,9.9291177
53.4600962,9.9346606
53.4586808,9.9351764
53.4580001,9.9351449
53.4505844,9.9310306
53.4506719,9.9293927
53.4400327,10.0104911
53.4415339,10.0037221
53.4710909,9.9359162
53.4708772,9.936909
53.4712087,9.9448005
53.4708863,9.9461358
53.4701803,9.9458636
53.4591783,9.9512511
53.4595787,9.9513526
53.4595175,9.9942474
53.4624099,9.9954403
53.4628219,10.0074352
53.462911,10.0068811
53.4628282,10.0039151
53.4629547,10.0042043
53.4610739,10.0109633
53.4605976,10.0106935
53.4560128,10.0077492
53.4568061,10.0089915
53.4559318,9.9995896
53.4556567,9.9995328
53.4436818,9.9537078
53.4407297,9.9597959
53.44066,9.9593962
53.4391632,9.9654145
53.4395184,9.9674366
53.4416731,9.9682296
53.4458887,9.9691133
53.451497,9.9721357
53.4520759,9.9727508
53.4464831,9.969467
53.4394549,9.9676259
53.4418837,9.9686236
53.4547294,9.9763424
53.4549664,9.9763547
53.4580471,9.9810618
53.4600543,9.9769139
53.4568544,9.9787909
53.435516,9.9775411
53.4367022,9.9667679
53.4362749,9.9667154
53.451436,9.9709577
53.4366559,9.9344297
53.4395638,9.9407849
53.4409742,9.9460746
53.4407087,9.9449807
53.4427015,9.9499746
53.4425989,9.9493305
53.4460589,9.9567836
53.4458149,9.9557336
53.4482957,9.9619067
53.4496885,9.9664003
53.4497847,9.9661196
53.539628,10.0430433
53.5395933,10.0433928
53.5533134,10.0258392
53.5528976,10.0253753
53.5489136,10.0595148
53.5440032,10.0580538
53.5443774,10.0589549
53.5423513,10.0518053
53.542108,10.0519044
53.5413834,10.0486242
53.541146,10.049012
53.5295526,10.0761013
53.5315696,10.0802137
53.5447548,9.9287512
53.5440853,9.9424138
53.5510456,10.0433953
53.5509149,10.0435242
53.5483894,10.0309114
53.546008,10.0303124
53.5437016,10.0409497
53.5435621,10.0407311
53.5392044,10.0839744
53.5382994,10.0835486
53.5418062,10.0834428
53.5353959,10.0813372
53.5359019,10.0876597
53.5359664,10.0831856
53.5336218,10.0892238
53.5341236,10.0872532
53.5328557,10.0943082
53.5229838,10.0117924
53.5321168,10.0958376
53.5327501,10.0965894
53.5293289,10.0942763
53.5300006,10.0948647
53.5270368,10.0933349
53.5252715,10.0919414
53.5227197,10.0881193
53.5304842,10.019367
53.5246334,10.0832003
53.524694,10.0827632
53.5273281,10.0864465
53.5265875,10.0904544
53.526448,10.0919042
53.5275759,10.0857538
53.527129,10.0800963
53.5275154,10.0789464
53.5265834,10.0796107
53.5321534,10.0793428
53.5319035,10.0817045
53.5335282,10.0737666
53.5300185,10.0930853
53.5305159,10.0904127
53.5313454,10.0860971
53.5313887,10.0851083
53.5300719,10.092133
53.5339314,10.0969248
53.5343485,10.0976571
53.5343943,10.0962031
53.5354965,10.0980612
53.5364506,10.0987895
53.550559,10.0489774
53.5502843,10.0501943
53.5552912,10.043083
53.5562915,10.04004
53.5561372,10.0403978
53.4495166,9.8679098
53.4706081,9.8189706
53.4698944,9.8185239
53.5767459,10.0727059
53.5772442,10.0726707
53.604807,10.0704084
53.6060519,10.0712529
53.6230985,10.0838764
53.6271034,10.0857413
53.6268092,10.0852657
53.6315128,10.088559
53.6323598,10.0896787
53.6388584,10.0944137
53.6395348,10.095383
53.6466108,10.1015939
53.6474718,10.1016283
53.6223404,9.9549657
53.6237635,9.9527938
53.6255961,9.9469314
53.6272595,9.9443044
53.6341844,9.9413913
53.6358443,9.943632
53.6386254,9.9454333
53.6405166,9.951219
53.642821,9.9567021
53.6461853,9.9578668
53.6489586,9.992158
53.648328,9.9961515
53.6486366,10.0031466
53.6481178,10.008398
53.6485726,10.0095483
53.6502371,10.0270297
53.6486401,10.0367031
53.6475634,10.0421286
53.6465609,10.0497204
53.6473753,10.0567212
53.6495721,10.0609502
53.6515717,10.0684563
53.6531178,10.0765876
53.6538959,10.1113013
53.6551625,10.1242198
53.6527662,10.1411161
53.6533409,10.1519647
53.6531732,10.1600137
53.6502429,10.1623008
53.636312,10.1624577
53.6329817,10.1645581
53.6305047,10.1690897
53.632524,10.1738272
53.6302649,10.1788322
53.6290264,10.175516
53.6268328,10.169174
53.622194,10.1652217
53.618444,10.1604234
53.6140585,10.155467
53.6075264,10.1497745
53.60427,10.153086
53.5573418,10.1220645
53.5574849,10.1219462
53.5569267,10.1152079
53.5578694,10.1164289
53.5547634,10.1133143
53.5546728,10.1136194
53.5520095,10.111278
53.5523083,10.1111668
53.5473243,10.1067317
53.5479191,10.1076586
53.5189139,10.0970907
53.5194677,10.0961828
53.5167134,10.0958921
53.5166424,10.096089
53.5113341,10.0961686
53.5024276,10.0909947
53.5029994,10.0907604
53.4996447,10.1057459
53.4999207,10.1060096
53.5120112,10.0869754
53.5203984,10.0842213
53.4862232,10.0544899
53.4771214,10.0628903
53.4772793,10.0629878
53.4861507,10.0545653
53.5356877,10.0997799
53.5347486,10.1046939
53.5347414,10.1054186
53.5341608,10.1083643
53.5335551,10.1093865
53.5303343,10.1118343
53.530661,10.1116835
53.52708,10.1108651
53.5230868,10.1128513
53.5216558,10.1179472
53.5213869,10.1192165
53.5172468,10.1237069
53.5173968,10.1237571
53.514642,10.1274817
53.5142081,10.1278473
53.5099269,10.1294512
53.5097932,10.1293485
53.5041267,10.1364806
53.5023936,10.1396935
53.5023788,10.1395129
53.4992601,10.134242
53.4976266,10.1324919
53.4972708,10.1317454
53.4938156,10.1259731
53.4934701,10.1266503
53.4943927,10.1217545
53.4942586,10.1218844
53.4989125,10.1101298
53.498844,10.1104417
53.4972961,10.1013712
53.4974857,10.1019414
53.4910651,10.11612
53.4907526,10.1156281
53.4928136,10.1190997
53.4935012,10.1200453
53.4909487,10.109693
53.4909605,10.1093856
53.4935818,10.1063946
53.4937407,10.1064766
53.4931929,10.1109045
53.4933589,10.111502
53.4963075,10.1116324
53.4963675,10.1120128
53.4970793,10.0975857
53.4973094,10.0974067
53.5613403,10.0373661
53.5611569,10.0371121
53.5587914,10.0388721
53.560005,10.0386522
53.5592242,10.0381537
53.569886,10.0272713
53.5852322,10.0266366
53.5855836,10.0276238
53.5868529,10.0317244
53.5867175,10.0316833
53.5876719,10.0369785
53.5884435,10.0529462
53.5878513,10.0521533
53.5916581,10.0564702
53.5911622,10.0551981
53.5947356,10.0607387
53.5950719,10.0607765
53.5984343,10.0661212
53.5983644,10.0655767
53.6258315,10.0922661
53.6278941,10.0998759
53.5655594,10.02603
53.5920131,10.0444194
53.5909189,10.0435125
53.6105501,10.0371707
53.6137719,10.0358721
53.620593,10.0333463
53.6213476,10.033363
53.6271971,10.0269267
53.6280222,10.0244913
53.6280128,10.1153273
53.6277805,10.11227
53.6266383,10.1166399
53.7141266,10.077217
53.6643432,10.0234808
53.6574353,10.019894
53.6544696,10.0194714
53.5805059,9.8134149
53.6209784,10.0310367
53.6193101,10.0227637
53.6197835,10.0139222
53.6232002,10.0118352
53.6329412,10.0163921
53.6364395,10.0332935
53.6378017,10.0350083
53.6426019,10.048693
53.6424486,10.0474351
53.644738,10.0518204
53.6448634,10.0517882
53.6469728,10.0557244
53.6491239,10.0602835
53.653364,10.0625808
53.6535708,10.0623885
53.6568535,10.0608383
53.659735,10.0599207
53.661395,10.0596205
53.6561003,10.0607925
53.6589506,10.0599144
53.6540086,10.0630609
53.6537242,10.063435
53.6553178,10.0673924
53.6554905,10.0684468
53.6553857,10.0730478
53.6555232,10.0732283
53.6536145,10.0772734
53.6703963,10.1338694
53.6702806,10.1338743
53.6692839,10.1429478
53.6690763,10.1436252
53.6676295,10.1472087
53.6684745,10.1472551
53.6610448,10.1560499
53.6595635,10.1572136
53.6563467,10.1602142
53.6503916,10.1633997
53.6038595,10.1536752
53.6035743,10.1537868
53.6022093,10.1589616
53.6022055,10.1592817
53.5989266,10.1627723
53.599658,10.1626208
53.5962318,10.160833
53.5970274,10.1633656
53.5933153,10.1608821
53.5929696,10.1607294
53.5894092,10.1622162
53.5889698,10.1598395
53.58785,10.1554735
53.5875282,10.154642
53.5857255,10.1481631
53.5861117,10.1492991
53.5840775,10.1405312
53.5838452,10.1424289
53.5845291,10.1324359
53.5844367,10.1345627
53.5826053,10.1268981
53.5818609,10.1264383
53.5794067,10.1228703
53.5795994,10.1235166
53.5768721,10.1149777
53.5768741,10.1153588
53.5732911,10.1046205
53.5728036,10.1067116
53.5768557,10.1023664
53.5767574,10.1027092
53.5750484,10.0875807
53.5750583,10.0884558
53.572993,10.0804854
53.5726268,10.0781598
53.5909071,10.0158249
53.5963161,10.0141142
53.5957686,10.0135483
53.5990573,10.0137328
53.5998519,10.0143594
53.6279792,10.0263431
53.6286792,10.0267269
53.6334124,10.0341259
53.6333985,10.0346406
53.6358545,10.043644
53.6361106,10.0437229
53.6400873,10.0550785
53.6398906,10.0536947
53.6432533,10.0654297
53.6433516,10.0649878
53.6466537,10.076306
53.6468369,10.0775619
53.6515758,10.0781819
53.6516033,10.0784896
53.5045382,9.9918003
53.5043992,9.9920345
53.501811,9.991471
53.5016009,9.991717
53.4939119,10.0123912
53.4932527,10.0134407
53.4908846,10.0189016
53.4910701,10.0191753
53.4844192,10.0192599
53.4845612,10.0189909
53.6736323,10.0569741
53.6733343,10.0570404
53.6708734,10.0618701
53.6715257,10.0608025
53.6676,10.067531
53.6678548,10.0674579
53.6638549,10.0751529
53.6636061,10.0766239
53.6627136,10.0800014
53.6624516,10.0809768
53.6599299,10.0843149
53.6589443,10.0849352
53.5094851,9.9924789
53.5103088,9.9921395
53.6247329,9.8982738
53.6251669,9.8988061
53.5205136,10.0136846
53.6453115,9.9574133
53.642631,9.9564987
53.6340575,9.9411146
53.6356049,9.9182778
53.6336494,9.9124937
53.6355847,9.9009057
53.6352439,9.9014565
53.5765455,10.0587082
53.5767939,10.0590164
53.5992243,9.9522089
53.598744,9.9420197
53.5982712,9.9418753
53.6039004,9.9628962
53.5849042,9.7610932
53.5828764,9.7685839
53.5827879,9.7685431
53.5993602,9.8679071
53.5993018,9.8658889
53.5984458,9.8612249
53.6004709,9.874705
53.5935398,10.0501097
53.5954113,10.0500359
53.5999876,10.0508666
53.5997669,10.050628
53.5981059,10.0564277
53.5982602,10.0561354
53.5977742,10.0608788
53.5973745,10.0602941
53.6016534,10.0627152
53.6016077,10.0624101
53.6051338,10.0664258
53.6048156,10.0657162
53.6061607,10.0671231
53.6067049,10.0670124
53.608681,10.0664325
53.6080737,10.0672542
53.6088281,10.0630066
53.5901968,10.1662211
53.5894374,10.1680833
53.588452,10.1707291
53.5884522,10.1714976
53.5891336,10.1801926
53.5890098,10.1805791
53.603211,10.0517732
53.6035029,10.0518848
53.6061983,10.0552426
53.6066393,10.0562064
53.6193985,10.096803
53.6192881,10.0964495
53.6255787,10.117684
53.6253665,10.1172731
53.6270139,10.1232089
53.6283437,10.132474
53.6289318,10.1371076
53.628828,10.1368924
53.6953581,10.1381828
53.6928152,10.1324167
53.6992042,10.1240758
53.6992516,10.1236304
53.7041564,10.1201413
53.7036321,10.1199837
53.7061502,10.1169183
53.7056682,10.1168904
53.7074625,10.1095676
53.7075747,10.1096766
53.708193,10.1052613
53.7087188,10.1063021
53.7047912,10.1029117
53.7051884,10.1030549
53.7015767,10.1034659
53.7013904,10.1035918
53.6970328,10.1008817
53.6964704,10.1002047
53.6890223,10.0955081
53.6902468,10.0969286
53.6861805,10.094826
53.6868179,10.0950904
53.6810281,10.095008
53.6803919,10.0952249
53.6742862,10.0922332
53.675775,10.0933072
53.666543,10.0906057
53.665765,10.0900514
53.6625,10.0870929
53.66265,10.0876945
53.6893335,10.0968852
53.6858171,10.1028842
53.6859139,10.1029017
53.6869927,10.1067031
53.6868288,10.10757
53.6837927,10.1150565
53.6834915,10.1158666
53.6777038,10.1190175
53.6778907,10.1190308
53.6726177,10.1222269
53.6732618,10.1219157
53.6597123,10.0858307
53.6189979,10.1495927
53.6189391,10.1488957
53.6184321,10.1449119
53.618577,10.1445982
53.5916369,9.9294803
53.5934441,9.9273713
53.4969188,10.0113836
53.4975073,10.0121591
53.4970273,10.0150533
53.4964955,10.0162481
53.494955,10.0206693
53.4950882,10.0205078
53.4858302,10.0160351
53.4844235,10.0126979
53.4838448,10.0120545
53.4827649,10.009712
53.4827587,10.0101081
53.4809408,10.0063014
53.4807309,10.0064877
53.4802484,10.0257596
53.4786766,10.032771
53.4780982,10.0339787
53.476228,10.0387722
53.4764619,10.039668
53.4726135,10.0464124
53.4658696,10.0556695
53.4634401,10.0618776
53.4675521,10.0606526
53.4704356,10.0605812
53.4736594,10.0603493
53.4761494,10.0585428
53.4795568,10.0547349
53.4793726,10.0454761
53.5980423,9.8550702
53.5981821,9.8567809
53.5764714,9.8513355
53.5763558,9.8511351
53.6001961,9.8723236
53.6393836,9.9406466
53.6393206,9.9319205
53.6376244,9.9204678
53.6008443,9.8787429
53.5888717,9.8768683
53.5832639,9.8148114
53.582152,9.8119076
53.581031,9.8107763
53.5836821,9.8225751
53.4249132,9.9923845
53.5105134,9.9872997
53.5103897,9.9877412
53.5824556,9.7789968
53.5819145,9.782069
53.5821908,9.7735926
53.5825077,9.7642481
53.5811708,9.7852026
53.5784709,9.8501445
53.5754168,9.8470454
53.5625579,9.8637398
53.5641946,9.9662969
53.5640765,9.9666673
53.5837618,10.0104114
53.5852638,10.0090588
53.6272397,9.8891551
53.6046778,9.9857681
53.5757126,9.8468012
53.5791477,9.8515128
53.5840259,9.8529453
53.5681898,9.9703503
53.5677773,9.9692443
53.4788901,10.2499043
53.4803104,10.2382152
53.4823488,10.2389398
53.4833765,10.2331755
53.4839591,10.2341722
53.4839173,10.2306167
53.4847649,10.2265377
53.4852637,10.2215797
53.4849317,10.2207695
53.4832476,10.2250836
53.4825807,10.2274007
53.4813041,10.2322451
53.5331009,10.0747686
53.4883998,10.2348673
53.4925042,10.2247134
53.4881599,10.2289015
53.4879397,10.2275242
53.488411,10.2329817
53.4893694,10.2257987
53.4930208,10.2147727
53.4909196,10.2152045
53.4909171,10.211772
53.5208713,9.7741251
53.5882251,9.8752424
53.536505,10.0842626
53.5345292,10.0945946
53.5356249,10.0884157
53.4578417,9.9434545
53.4596757,9.9383328
53.4647047,9.9597965
53.554794,10.0582196
53.5720641,9.9692346
53.561583,9.9904771
53.5362081,10.0573518
53.5361962,10.0569659
53.5370024,10.0541426
53.5372728,10.0536645
53.5390061,10.0476167
53.5388809,10.0475268
53.5375258,10.0593953
53.5375756,10.0597672
53.5360603,10.0650202
53.5357713,10.0655354
53.5365901,10.0673332
53.5365989,10.0675481
53.5358217,10.0769411
53.5358746,10.0774923
53.5420643,10.0838103
53.5483571,9.9884336
53.5533869,10.0241795
53.5546982,10.0347104
53.5547634,10.0331332
53.4612355,9.9818837
53.4614588,9.9820545
53.4961697,9.9106515
53.4951892,9.9098458
53.4955694,9.9107699
53.6476706,9.9270045
53.6414737,9.9262816
53.6392602,9.9243241
53.4803806,10.2074793
53.5814231,9.9378323
53.5150155,9.993131
53.5252215,10.0219517
53.4719889,10.2616454
53.4273368,10.2734165
53.4276006,10.2691699
53.4682522,10.2592148
53.4673851,10.2586432
53.465216,10.2615735
53.4554406,10.2831504
53.455245,10.283507
53.4520305,10.286588
53.4483597,10.2931864
53.4414413,10.3017232
53.431513,10.2748749
53.4350789,10.2760945
53.5493606,9.9088232
53.4142159,10.2308554
53.414375,10.2306537
53.4158052,10.2253236
53.4158269,10.2251292
53.4192776,10.2210263
53.4195685,10.2209446
53.4249984,10.215088
53.425112,10.2150193
53.4273695,10.2150802
53.4276574,10.2151747
53.4287659,10.2056933
53.439068,10.2027502
53.4390485,10.2026334
53.4419378,10.1944418
53.4062725,10.2076595
53.4121715,10.2104347
53.414787,10.2063328
53.4148604,10.205877
53.4194188,10.2015109
53.4115158,10.191067
53.5722067,9.9942375
53.4770439,10.1964657
53.4765043,10.1949447
53.4743977,10.1949795
53.4743923,10.1947724
53.4682193,10.1895727
53.468077,10.1894739
53.4532915,10.2139429
53.4528955,10.213865
53.449241,10.2141447
53.4491313,10.2145951
53.4465235,10.2203396
53.4460298,10.2221645
53.4451525,10.2254148
53.4400707,10.2315452
53.4379559,10.2335398
53.4381486,10.2332453
53.4309971,10.2419265
53.4266378,10.2492563
53.4241188,10.2532878
53.4637847,10.2074354
53.4587804,10.2152527
53.4478304,10.2210396
53.4477136,10.2213948
53.4195113,10.2045829
53.4193691,10.2041756
53.4200255,10.2210909
53.4661189,10.2017222
53.522816,10.0164103
53.5251239,10.0215677
53.5966374,9.9841006
53.5800414,10.0417864
53.579631,10.041709
53.5792684,10.0418248
53.5802284,10.0409773
53.584018,10.0469948
53.5852379,10.0470275
53.5751346,10.0359748
53.5645573,9.9946049
53.5642572,9.9942779
53.5685062,9.9955497
53.5683359,9.9954108
53.5689176,9.9732832
53.5695488,9.9749647
53.5599772,10.0287579
53.5600819,10.0284354
53.6056823,10.1670337
53.60564,10.1685776
53.5444394,9.9817244
53.631683,10.1378023
53.6314288,10.1377913
53.6263376,10.1379237
53.6121461,10.1155195
53.6215834,10.1300079
53.6186852,10.1265673
53.6139319,10.1148746
53.6163021,10.1145183
53.618739,10.1249033
53.6233854,10.1314448
53.6423066,10.1132761
53.616194,10.1123865
53.6134857,10.1148117
53.6046478,10.1536545
53.609127,10.1500946
53.6088512,10.1442991
53.6036791,10.130547
53.6028271,10.1277452
53.6294458,10.1076527
53.6331423,10.1045927
53.6358137,10.1020106
53.640644,10.0985649
53.6416284,10.1061505
53.6422188,10.1136407
53.6422847,10.1269385
53.6372626,10.1336191
53.5797784,10.0335093
53.6417515,10.1047453
53.640669,10.0981724
53.6393327,10.0940485
53.6391559,10.0943495
53.655175,10.1192565
53.5699197,10.0586416
53.573631,10.0522253
53.5418676,9.8427156
53.5418988,9.8416623
53.543888,9.8384931
53.5443927,9.8376994
53.5377604,9.8470181
53.5377136,9.8463998
53.4767228,10.1759164
53.4765869,10.1760957
53.4779315,10.1733963
53.4777332,10.1732682
53.4787839,10.1710289
53.4788276,10.1703798
53.480104,10.1673878
53.4803323,10.1674924
53.4823856,10.1705297
53.4823681,10.1699051
53.487523,10.1739219
53.4845284,10.1723381
53.4883239,10.1724671
53.4879083,10.1748605
53.48654,10.1794502
53.4881006,10.18598
53.488611,10.1816475
53.4884821,10.1820562
53.5278108,9.9806148
53.5288704,9.9813165
53.5289305,9.9815117
53.5320887,9.9818507
53.5327066,9.9817436
53.5374156,9.9846327
53.5281764,9.9741083
53.5279314,9.9746375
53.5302027,9.9694998
53.5312263,9.9695701
53.537847,9.9661287
53.5373801,9.9672607
53.5401428,9.966281
53.539615,9.9655732
53.5415551,9.9658437
53.6003605,10.1419411
53.5220293,10.0894977
53.5232931,10.0900378
53.6233024,10.1670182
53.6374457,10.1339366
53.5641862,9.9835903
53.4866441,10.21291
53.4859979,10.2146609
53.564529,9.9020849
53.5300615,10.0780152
53.6300632,9.939148
53.6273692,9.9440773
53.5767862,10.1357728
53.5417276,10.1502931
53.541796,10.1507436
53.5899051,9.9153528
53.6580912,10.100717
53.6579459,10.1021299
53.6610304,10.1070092
53.6584808,10.1073214
53.6588557,10.1074319
53.6590527,10.0953542
53.6589811,10.0961909
53.4706821,9.9205412
53.4705788,9.91596
53.4704885,9.9209567
53.4708367,9.9020281
53.4712477,9.9004592
53.66488,10.1062351
53.6269918,10.0081079
53.6241921,10.009804
53.6098782,9.9945613
53.5918149,9.9057111
53.6616479,10.1070649
53.5563128,10.0283805
53.5574176,10.0331733
53.6038086,10.1538726
53.6506637,10.1618795
53.6589007,10.1749676
53.655859,10.1759119
53.653945,10.1745257
53.6533297,10.1689292
53.6519294,10.1673373
53.6469445,10.1780979
53.6454311,10.1831967
53.6478009,10.1856695
53.6530189,10.186467
53.6592572,10.1827119
53.6478914,10.1612032
53.6474856,10.1693028
53.6471744,10.1724403
53.6442988,10.1714819
53.6436103,10.1767082
53.572266,10.0690588
53.5720605,10.0682639
53.5723404,10.0694176
53.5721952,10.0697444
53.5718465,10.0680836
53.5719229,10.0685728
53.4855735,10.1627546
53.486724,10.1652578
53.4840683,10.1585219
53.4837507,10.1612662
53.4854302,10.1471612
53.4886546,10.1474608
53.4886923,10.1659092
53.4650091,9.8908178
53.5558411,10.041332
53.5523053,10.0103868
53.5522153,10.0113454
53.5569779,9.9776958
53.5600142,9.9818059
53.5618704,9.9756929
53.6645706,10.1066648
53.646865,10.0485402
53.6479911,10.0409191
53.6488462,10.036876
53.6500735,10.0275256
53.6196643,10.0320541
53.6273485,10.0093252
53.6142065,10.0196985
53.6232702,10.084347
53.6225794,10.0842671
53.646306,10.1588169
53.594394,10.0813203
53.58349,10.0725972
53.6455777,10.1585018
53.6068711,10.0119673
53.607229,10.012495
53.5869688,10.0441134
53.5870287,10.043625
53.5727692,9.9923766
53.6086105,9.9046377
53.60838,9.9044261
53.6081334,9.9048298
53.6082604,9.9050023
53.5617744,9.9467456
53.5350631,9.8790875
53.589977,10.0030108
53.5907325,10.0024169
53.5391412,10.1273741
53.5397166,10.1328199
53.5397213,10.1333756
53.5381941,10.1187747
53.538051,10.118889
53.5437213,10.1274725
53.5921378,9.8811667
53.4650144,9.97775
53.466453,9.9850965
53.4660927,9.987704
53.4663049,9.9913278
53.5463315,10.0269046
53.5452047,10.0297055
53.5454575,10.0314589
53.5513776,10.0352541
53.6659572,10.0777785
53.6659527,10.0779857
53.6682762,10.0815146
53.6690463,10.0833397
53.5960185,10.1647841
53.4948968,10.2206892
53.6492778,10.0170817
53.5716146,10.0677732
53.571618,10.0693806
53.5720605,10.0692252
53.5394409,10.127266
53.5411576,10.1393173
53.5745191,10.0361265
53.579612,9.7973197
53.5795598,9.7976172
53.6409326,10.0826957
53.6030785,9.8930151
53.6036067,9.8939885
53.5460801,9.9430411
53.5451943,9.9518121
53.5444284,9.9447195
53.5686975,10.0439282
53.5709326,10.0488092
53.6036864,10.153392
53.4663072,9.9852408
53.4659357,9.9878487
53.4670279,9.9823764
53.649149,9.991763
53.6485095,9.996172
53.6134905,9.9994856
53.6134242,9.9991608
53.6103755,9.9957615
53.620714,9.9976753
53.628337,10.0243986
53.5957038,10.0469144
53.5962905,10.0462925
53.5911289,10.0563032
53.5918782,10.0553231
53.5871818,10.0640849
53.609853,9.9006033
53.6101159,9.8982099
53.5545312,9.9273978
53.559753,9.9101913
53.5603101,9.909324
53.5644892,9.901689
53.5699423,10.0262086
53.5712443,10.0297895
53.5746162,10.0343111
53.4962335,10.0093673
53.4963826,10.0094619
53.5637178,10.0337105
53.5630195,10.0334475
53.5673237,10.0438832
53.5670976,10.0441966
53.5690796,10.0848798
53.570269,10.1240995
53.5701093,10.1054919
53.5772999,10.1360186
53.5833282,10.141042
53.6533439,10.1599952
53.5672234,10.0409482
53.5701393,10.0398542
53.5721335,10.0470649
53.5729285,10.0547379
53.6083786,10.1372309
53.5800279,10.0577466
53.5921292,10.1088956
53.5920984,10.1083123
53.5901744,10.105138
53.590312,10.1047073
53.6659598,10.0016644
53.6775542,10.0005763
53.658361,10.0204034
53.6613393,10.0187026
53.6148947,10.0674847
53.614948,10.072035
53.611188,10.1835803
53.6082179,10.185447
53.6076508,10.1887912
53.6075272,10.1737246
53.6095619,10.1738274
53.6080996,10.1757489
53.6104177,10.1771608
53.6114259,10.1831046
53.607014,10.1740403
53.4899188,10.189826
53.5553808,9.9269172
53.5495818,9.9696491
53.5684803,10.0523859
53.6267762,10.1693681
53.6287552,10.1750742
53.6304692,10.1796396
53.6260588,10.1613709
53.6356886,10.1630633
53.6326627,10.1650451
53.6304147,10.1686173
53.63277,10.1740981
53.6296827,10.1457556
53.6282442,10.1509233
53.6208729,10.0342446
53.6206884,10.0344522
53.6246242,10.0698833
53.6271956,10.0847709
53.6080444,10.1853486
53.611486,10.1154841
53.613675,10.0658435
53.5605755,10.0520206
53.5709058,9.917547
53.5510867,9.9677631
53.5513759,9.961459
53.5656779,9.8944372
53.5651079,9.8882961
53.5651944,9.8866606
53.6407742,9.925765
53.4804229,10.1829462
53.4803644,10.1905541
53.4802938,10.1827588
53.4858076,10.1848498
53.4850688,10.1847506
53.4866019,10.1891388
53.535129,9.8661186
53.4642624,9.8552245
53.4713529,9.8316469
53.472288,9.8409003
53.5565574,9.9294939
53.566268,9.8664901
53.5700383,9.860417
53.499198,9.919337
53.5070053,9.921672
53.578231,9.9762874
53.5786798,9.9757568
53.5125263,10.2095301
53.6422839,10.1271556
53.4594135,9.8514
53.4609686,9.9784093
53.4606716,9.9810686
53.5269704,10.0689775
53.5265041,10.0723892
53.5257052,10.075082
53.5204171,10.0845535
53.4211854,9.929494
53.4215804,9.9298858
53.4254157,9.930726
53.4253946,9.9309129
53.4768382,9.862038
53.4766742,9.8617419
53.4769124,9.8752631
53.4767036,9.8749526
53.4806462,9.872583
53.4807424,9.8731942
53.4718561,9.8776181
53.4550772,9.895176
53.4600828,9.8914764
53.4651082,9.8909127
53.4701961,9.8882538
53.4707732,9.8885678
53.4822637,9.861189
53.4823094,9.8610394
53.4833452,9.8650017
53.4828219,9.865262
53.4820238,9.8674653
53.4819229,9.8686049
53.5413262,10.0369981
53.5412876,10.0356563
53.54152,10.0333289
53.5410195,10.0333262
53.5977578,10.1317205
53.5999302,10.1319085
53.6487699,10.0033496
53.5914985,10.0073176
53.5899444,10.0150144
53.5891322,10.022789
53.5881338,10.0321643
53.5591433,10.107802
53.580905,10.0620896
53.5811478,10.0619006
53.5803707,10.0579728
53.584998,9.9690716
53.5696151,10.0531933
53.622239,10.0742074
53.6603494,10.07686
53.6610799,10.0763738
53.6559329,10.0770834
53.6029988,10.180542
53.6537752,10.111872
53.5832291,10.0724894
53.5415948,9.83447
53.5412425,9.8375457
53.5434032,9.8400237
53.5343226,9.8394868
53.5359605,9.8418383
53.5444822,9.8241883
53.5417261,9.836083
53.6442999,10.1224765
53.6531491,10.1402933
53.5887841,9.9678657
53.58857,9.9680303
53.5998787,10.0362025
53.4816081,9.9933203
53.4869034,10.015142
53.4879982,10.0091921
53.4904647,10.0084953
53.4935957,10.0102679
53.5206954,9.94431
53.5252523,9.9418329
53.5188929,9.9515736
53.5106692,9.9821549
53.5110779,9.9781556
53.5127069,9.9693554
53.5148227,9.9689622
53.4779464,9.9948095
53.475445,10.0042579
53.4747812,10.0114798
53.4747739,10.0116313
53.4754916,10.0040189
53.4779074,9.9954071
53.4869016,10.0154918
53.4880224,10.0095775
53.4903538,10.0084879
53.4928964,10.0096207
53.5154437,9.9686714
53.5190182,9.9521912
53.520706,9.9446656
53.5253579,9.9423468
53.5108365,9.9818412
53.5112999,9.9779434
53.5130251,9.9693468
53.4705575,9.9938469
53.4706705,9.9941798
53.6103121,9.9255257
53.6095573,9.9267462
53.60985,9.9270094
53.5442654,9.8375818
53.5124439,10.0885933
53.5125363,10.0889308
53.5752287,10.0489128
53.5765255,10.0486524
53.5793188,10.0496549
53.5793507,10.0492733
53.6546772,10.0196605
53.665422,10.0242001
53.7142609,10.0777684
53.5724414,10.0507498
53.5724294,10.0505619
53.6223651,10.0404606
53.6244805,10.0625568
53.6245795,10.0628561
53.6606743,10.0216567
53.5512274,10.0883669
53.5503638,10.0889101
53.5461848,10.0929183
53.5464153,10.0931781
53.5430709,10.0957378
53.5214375,10.0980768
53.5991603,10.1083726
53.5990982,10.1086643
53.5994397,10.1119739
53.5998051,10.1144243
53.6051414,10.1074001
53.6016535,10.1082331
53.6019341,10.1082972
53.4560099,9.9553797
53.4849224,10.1514004
53.4845956,10.1541149
53.5590773,10.0481636
53.6041873,10.1583593
53.6233053,10.0411991
53.626827,10.0382392
53.626647,10.0383703
53.6196717,10.0500744
53.6197529,10.0502068
53.6196413,10.0536758
53.620296,10.0548217
53.6226737,10.0567907
53.6229371,10.0574113
53.6249062,10.0425187
53.6252936,10.0414659
53.6282775,10.0457495
53.6281927,10.047154
53.6248302,10.0548647
53.6249851,10.0547482
53.6277123,10.0537661
53.6270755,10.0549725
53.6260542,10.0924703
53.5379173,9.8457465
53.5644954,9.9763268
53.5649088,9.9759654
53.6168838,10.0419214
53.6169971,10.041995
53.6175948,10.0456462
53.6179862,10.0461853
53.5580702,10.0747996
53.5378461,9.8459414
53.6058504,10.1059273
53.5925465,9.8526247
53.4558343,9.9552216
53.4568435,9.9606164
53.4569581,9.9606121
53.4577624,9.9656418
53.4581657,9.9671406
53.4590956,9.970307
53.45944,9.9716105
53.6243892,10.0760138
53.6246134,10.0726482
53.6244132,10.0700432
53.6248345,10.0732884
53.6201696,9.8930523
53.6200188,9.8928188
53.5454698,9.9973886
53.5454265,9.9971207
53.6275575,10.0771149
53.6296118,10.0755819
53.6268762,10.0731395
53.6294969,10.0758932
53.6273552,10.0732858
53.6270585,10.0776351
53.5410742,10.0988621
53.6296242,10.1671798
53.616787,10.135534
53.6174394,10.135524
53.5564862,10.0797918
53.4641509,9.956719
53.4629275,9.9503768
53.4395653,9.9419981
53.613469,10.1360988
53.6141098,10.1361521
53.6059076,9.8990187
53.6058541,9.8993406
53.6214516,9.8857231
53.6253252,9.8919997
53.6169814,9.8905112
53.6253218,9.891879
53.6130204,9.8963199
53.5487517,10.0599232
53.6437108,9.9731882
53.4881311,10.2071571
53.4880317,10.2086758
53.490654,10.2079866
53.4926915,10.2087236
53.6109828,10.073716
53.6124482,10.0751161
53.6141969,10.0766287
53.6148842,10.0760781
53.6174344,9.8968053
53.6184843,9.8895459
53.5392785,9.8621902
53.539323,9.8620642
53.5572878,10.0313418
53.5884371,9.9002928
53.5072787,10.180519
53.5337285,10.1148687
53.5328618,10.1159933
53.5267743,9.8853759
53.6320673,9.9053733
53.5571232,10.0545541
53.4720417,9.8757028
53.6320671,10.028169
53.6318737,10.0280718
53.6164589,9.9060503
53.5792636,9.9461721
53.5411593,9.8396976
53.536675,9.8481877
53.5294939,9.8421744
53.5365054,9.8479695
53.529421,9.8416018
53.5158524,9.8956841
53.5154293,9.8957741
53.4587327,10.2156511
53.4501895,10.2220428
53.4499017,10.2219901
53.4527563,10.2195359
53.4529368,10.2192198
53.4765052,10.1750008
53.5038648,10.1900543
53.5036106,10.1916245
53.529238,10.1275041
53.5299111,10.1287627
53.6041602,9.9991613
53.5860787,10.0649022
53.5059629,10.1919484
53.4642099,9.9576268
53.4898532,10.1596729
53.465373,9.9483217
53.4629191,9.950744
53.5892373,9.9766035
53.5206203,9.9818875
53.5171109,9.9817264
53.5263545,9.9805863
53.5270726,9.9789301
53.5571662,10.1169586
53.5571233,10.1166809
53.5630191,10.1202745
53.5621166,10.1192768
53.4527188,9.9546988
53.4534969,9.9548747
53.4704776,9.8543016
53.4706994,9.8544676
53.4674728,9.8593093
53.4673313,9.8609185
53.4655054,9.8658477
53.46489,9.8657365
53.4593471,9.8664669
53.4590895,9.8663758
53.5646655,10.1212871
53.5601427,10.1180719
53.5607553,10.1189186
53.5181411,9.7818429
53.5182984,9.781739
53.6230034,10.0316347
53.6402419,9.9493511
53.6385506,9.9450426
53.635684,9.9432018
53.625453,9.946908
53.623911,9.952331
53.6221959,9.9544506
53.6195287,9.9524556
53.619218,9.9520945
53.6191943,9.9519557
53.6188786,9.9520304
53.6227454,10.090407
53.6236036,10.0904341
53.4793514,9.900759
53.479824,9.9013215
53.4793883,9.9017191
53.477876,9.909357
53.4781699,9.9095979
53.4789502,9.9060424
53.4789931,9.904586
53.4817735,9.9044376
53.4814447,9.9045246
53.4827436,9.9000581
53.4829219,9.9004628
53.4776341,9.8989602
53.4771597,9.8984658
53.4767585,9.8987892
53.5342268,9.8589632
53.5569067,10.1265118
53.5541966,10.123351
53.5550004,10.1316826
53.5584316,10.1311068
53.5427331,10.1187225
53.52317,9.9824957
53.5175891,9.9869504
53.5250766,9.9823077
53.6392178,10.0280916
53.6382314,10.0239324
53.6361144,10.1012161
53.6389104,10.0285882
53.4703831,9.917281
53.5165092,10.0496335
53.5177695,10.045776
53.5251732,10.0270756
53.5267501,10.026311
53.5198856,10.039254
53.5174746,10.0463966
53.5222944,10.0318631
53.5246833,10.0256466
53.5198451,10.0391159
53.5215777,10.0337467
53.5275274,10.0251417
53.5225007,10.0308273
53.5203411,10.0476204
53.5131522,10.0558165
53.5215681,10.0439008
53.5187521,10.051631
53.5240621,10.0362116
53.5424365,9.999056
53.6099017,9.9565717
53.6100182,9.9568276
53.5228994,10.0163798
53.6020934,9.9533125
53.6026436,9.9536765
53.434013,9.9899886
53.500394,10.0176882
53.5002373,10.0184845
53.4997739,10.025764
53.5033992,10.0273823
53.503868,10.0269782
53.4991585,10.0249524
53.5011568,10.0134961
53.5012932,10.0137417
53.6001441,10.1364221
53.5025813,10.1715765
53.5010938,10.1744847
53.5064461,10.1640455
53.5062845,10.1642223
53.50009,10.1750953
53.5026741,10.1711682
53.630083,9.8933008
53.6300918,9.8937366
53.4675236,9.9816643
53.5016387,10.2057595
53.4988985,10.2023385
53.6090121,10.0540755
53.6466213,9.9271093
53.6392958,9.9241723
53.6391069,9.9416061
53.6047108,9.8762613
53.6313279,9.9196439
53.6389529,9.9293716
53.6067897,9.871723
53.6014059,9.8894164
53.6124171,9.8913318
53.6130853,9.8896601
53.5804668,9.7856824
53.5000281,9.991224
53.4958506,10.1993723
53.4958769,10.198768
53.4709628,9.9315895
53.6148668,9.8798784
53.6160207,9.8748421
53.6162519,9.8746394
53.6146057,9.8808017
53.613886,9.885118
53.6139419,9.8853513
53.6112873,9.894773
53.4652194,9.9627358
53.465273,9.9623056
53.6420569,9.9714507
53.5782528,9.866192
53.5785757,9.8651409
53.6209849,9.9084804
53.5618823,9.9482037
53.6098949,9.9163596
53.6085392,10.0793981
53.49682,9.8745254
53.4970171,9.8743703
53.4979907,9.9013837
53.4980927,9.9014391
53.5167604,9.8113008
53.4667592,9.9921855
53.4949213,9.9272426
53.4989575,9.8921285
53.49908,9.8907166
53.4997828,9.8845656
53.5000061,9.8840896
53.5274117,10.0259915
53.5426869,9.9935187
53.5426192,9.9932316
53.5812065,9.7547018
53.5833474,9.822473
53.5824334,9.7642315
53.5804015,9.7952084
53.6514812,10.0925855
53.6514896,10.0923904
53.6515268,10.092806
53.6517924,10.0926331
53.6519047,10.0929927
53.6536077,10.1060262
53.6541364,10.1073912
53.6541226,10.0922716
53.6544576,10.0927307
53.6548028,10.0929054
53.6585262,10.1130036
53.6593578,10.1138214
53.664388,10.1197342
53.6648092,10.1203451
53.669726,10.125753
53.6706606,10.1266489
53.6737679,10.1323545
53.6742141,10.1338884
53.6748896,10.1358883
53.6752242,10.137087
53.6757049,10.1411895
53.6761697,10.1418246
53.4199738,10.1487415
53.4166245,10.1495381
53.4206081,10.1486154
53.4204728,10.1487568
53.4186849,10.1505814
53.4217522,10.1441311
53.4243716,10.139392
53.4493303,10.1803338
53.4280234,10.1540727
53.4326283,10.1576802
53.4284278,10.1541837
53.444399,10.17265
53.4441403,10.1731744
53.4441911,10.1735491
53.4330093,10.1584196
53.4577608,10.1919153
53.4469397,10.1770359
53.4653131,10.1898125
53.4634618,10.1999333
53.4649968,10.1896413
53.4628359,10.1998663
53.4630789,10.1985843
53.4629565,10.1997201
53.4630162,10.1984886
53.4714163,10.2035557
53.4863934,10.2100406
53.5140155,10.170325
53.4518524,10.1357461
53.4444425,10.1274241
53.4591956,10.1366814
53.4609624,10.1392529
53.4446963,10.1311637
53.4561835,10.1415233
53.4681894,10.1489637
53.4614489,10.1395055
53.4485077,10.1333875
53.4447772,10.1303957
53.4685521,10.1500916
53.4520827,10.1358704
53.448734,10.133344
53.4680479,10.1489016
53.4592295,10.1368722
53.4563546,10.1415275
53.4407806,10.11717
53.4418443,10.1114706
53.4491495,10.0911761
53.4413142,10.1216587
53.4494216,10.0996063
53.6514123,10.0943918
53.6532537,10.1044905
53.6562119,10.0944904
53.577765,9.7643613
53.6183867,10.1605423
53.6053743,10.0395963
53.6401276,10.0163724
53.6380467,10.0239722
53.6400948,10.0174625
53.5927763,9.9886826
53.5695959,10.027666
53.5698606,10.0275278
53.5609558,9.9915404
53.5611139,9.9914717
53.5684576,9.9885501
53.5620945,9.9492705
53.5769026,9.9691578
53.5806893,9.9648415
53.5805733,9.9643456
53.5823587,10.0473221
53.5827233,10.0473174
53.5471619,9.9359533
53.5471048,9.936334
53.5444214,9.9148962
53.5486943,9.9163447
53.548558,9.9163264
53.4907176,10.047751
53.46658,10.0439535
53.4679053,10.0365311
53.488616,10.2050112
53.4889931,10.2057805
53.4889263,10.2054402
53.4891757,10.205917
53.4892104,10.2062309
53.489395,10.206616
53.48942,10.2063823
53.4895966,10.2067379
53.5929496,9.9841647
53.5771216,9.961339
53.5781245,9.962534
53.5633492,9.9421856
53.5637388,9.9404376
53.6016094,9.9743511
53.601761,9.9737005
53.6012328,9.9821708
53.6014119,9.9819504
53.602654,9.9900298
53.5948654,9.9483373
53.599006,9.9576189
53.5992288,9.9575391
53.6021171,9.9623192
53.5986072,9.9513493
53.5987483,9.9535882
53.5992267,9.964251
53.6002399,9.9637346
53.5255026,9.8994663
53.583894,10.1408964
53.565735,9.9256446
53.5837529,9.8808208
53.6025054,10.0253756
53.6027142,10.0248308
53.6068759,10.0222645
53.6000696,9.9949778
53.5160221,10.0205631
53.5161943,10.0203049
53.5115687,10.0211242
53.5125839,10.0208395
53.5072883,10.0225823
53.5074948,10.0221858
53.6030828,9.9675227
53.6031244,9.9678214
53.6028013,9.9905375
53.5925382,9.9345804
53.5927579,9.9351537
53.5948339,9.9477991
53.5665388,9.827395
53.5665338,9.8270488
53.561151,9.8271006
53.5612717,9.8272847
53.669194,10.0255367
53.6701306,10.0262201
53.5240121,10.1505003
53.5240419,10.1501429
53.4324653,10.2299632
53.4279594,10.2267321
53.4349458,10.2317117
53.5718821,9.8558555
53.572114,9.8558565
53.6713119,9.9987538
53.6714239,9.9991955
53.5704803,10.0767781
53.6733323,10.016098
53.6552069,9.9990622
53.6593006,10.0103183
53.6593473,10.0100818
53.6553337,9.9989655
53.5697167,10.0529061
53.5986869,9.9262166
53.5993134,9.9249126
53.604884,9.9096851
53.6020316,9.9133893
53.602911,9.9113651
53.5994148,9.9179396
53.5999241,9.9165274
53.6000815,9.9189137
53.5829509,9.8291067
53.6097718,9.9016891
53.6103266,9.901103
53.6167805,9.891094
53.613615,9.8955172
53.6136595,9.8984127
53.6139429,9.8982373
53.6216235,9.8857201
53.5975929,9.9318831
53.5842729,9.8972795
53.5843468,9.8966791
53.6717115,10.0023527
53.6725314,10.0024446
53.6794256,10.030927
53.6797515,10.0305296
53.6752841,10.0284138
53.6753551,10.028205
53.6075382,10.1363196
53.6137275,10.1559561
53.6107783,10.1565881
53.6159109,10.1524958
53.6161516,10.1520113
53.6284289,10.1501431
53.6259184,10.1609864
53.6298887,10.1458771
53.6136099,10.107433
53.5962516,10.1222521
53.6211468,10.1041355
53.6212803,10.1044728
53.6159743,10.1137727
53.6170237,10.1133724
53.493103,9.9756839
53.489882,9.9365351
53.4898682,9.9362288
53.559638,10.0677942
53.5602879,10.062389
53.5072473,9.8762086
53.5073224,9.8760464
53.5089713,9.8701732
53.5090031,9.8695906
53.5704633,10.1410659
53.5706749,10.1402094
53.5661471,10.1073283
53.566642,10.1069564
53.5708038,10.1369011
53.5747065,10.1266387
53.5750972,10.1287105
53.5716681,10.1252468
53.5998069,9.9625399
53.5299437,10.1371406
53.5301747,10.1293502
53.5086346,9.8661283
53.5081635,9.8649789
53.5082994,9.8540675
53.5082119,9.8539371
53.4480729,9.961603
53.4851215,10.2016018
53.479037,10.1974047
53.3991628,10.1738883
53.3993099,10.1735992
53.4458487,10.2971664
53.4770222,10.1898836
53.4774843,10.1894459
53.4827834,10.1914705
53.4837172,10.1884214
53.4863746,10.1804404
53.4099868,10.1716117
53.4099416,10.1724106
53.398634,10.1835389
53.3987246,10.182905
53.4877855,10.1855196
53.4831067,10.2005925
53.5116047,9.8289651
53.5130777,9.8251319
53.5116164,9.8287639
53.5129741,9.8248059
53.5806246,9.8110169
53.5303615,9.7905475
53.4819677,10.2402269
53.5713777,10.0834509
53.5313295,9.7873937
53.6259673,9.9372283
53.6071669,10.0225367
53.5773395,9.8602871
53.5002331,9.9914734
53.4882114,9.9898774
53.4983847,9.9910021
53.4883691,9.990096
53.4938921,9.9904295
53.4939595,9.9907001
53.48002,9.9828098
53.4803887,9.9820636
53.4984745,9.9912678
53.600976,10.1531387
53.4873166,9.868051
53.4872207,9.8679259
53.4502371,10.3118338
53.5768485,9.888703
53.6094258,9.9835127
53.5233035,10.0120219
53.4965122,10.1778697
53.4969259,10.1776426
53.4468874,10.1771373
53.4757475,10.1777892
53.4752445,10.1771312
53.5521518,9.8903766
53.5524873,9.8900699
53.5697546,10.1495184
53.5698803,10.1482257
53.5607764,10.1263999
53.565016,10.133008
53.5609385,10.1268497
53.5729843,9.8478241
53.5723174,9.8464529
53.549378,10.0589471
53.533187,9.8366716
53.4746585,9.9501122
53.4714325,9.9663903
53.4730909,9.9580699
53.4709074,9.983007
53.4736885,9.9782384
53.4704681,9.9721296
53.5432236,9.990812
53.5430461,9.9909028
53.5435058,9.9957678
53.5428798,9.985973
53.5426875,9.9857021
53.5487861,10.0188397
53.5486077,10.0137754
53.5482308,10.0151079
53.5490611,10.0194537
53.6212893,10.1424743
53.6208211,10.1427082
53.4359189,9.9716346
53.4359742,9.9722257
53.5875322,10.0453605
53.5875918,10.045025
53.4923579,10.1780193
53.5603524,10.1199675
53.5603269,10.1194406
53.5783376,9.919711
53.578469,9.9195334
53.5511133,10.0357129
53.5534403,10.0337175
53.5475659,9.9541616
53.5474188,9.9629422
53.5473649,9.9627424
53.5475767,9.9539923
53.544327,9.9444308
53.5441552,9.9426409
53.5445498,9.9361661
53.5441113,9.9370052
53.5451854,9.9522356
53.5630437,10.1326032
53.5627248,10.1326422
53.5707848,10.1346948
53.473968,10.0792652
53.4738942,10.0801361
53.5011953,10.2108645
53.5047094,10.2196651
53.5047359,10.2192132
53.5042038,10.2158545
53.5043379,10.2162766
53.5820875,9.9874817
53.5824109,9.9870855
53.5269709,10.0460173
53.6042392,10.1195318
53.6040236,10.119859
53.6006478,10.1182402
53.5999034,10.118539
53.6002798,10.1182878
53.5987403,10.1235412
53.5987258,10.1230894
53.6039321,10.1311655
53.5955965,10.115118
53.5950015,10.1145847
53.6072246,10.0901869
53.6137261,10.1071508
53.6098408,10.1084832
53.6097157,10.1086771
53.6226556,10.1340141
53.6223278,10.1339588
53.5920098,10.1309995
53.5915078,10.1305542
53.4781288,9.888717
53.4780244,9.8878953
53.5906082,10.1233458
53.5945502,10.1217197
53.5915768,10.122761
53.5791383,10.1282602
53.5788051,10.1279241
53.5756204,10.1275919
53.619349,10.1125362
53.6198285,10.1125828
53.6042825,10.1576825
53.6065083,10.169362
53.6064389,10.168731
53.6083105,10.1641866
53.6080988,10.164605
53.6107465,10.1635814
53.6131253,10.1653829
53.613019,10.1648056
53.6145258,10.1711563
53.5941967,10.1754112
53.5409414,9.9967951
53.5446182,9.9283749
53.4922146,10.2276852
53.4937234,10.2209497
53.4677035,10.2372972
53.471485,10.232586
53.4732272,10.2307024
53.4674836,10.2373363
53.471374,10.2325645
53.4735632,10.2306876
53.5303766,9.7724972
53.5338016,9.8707968
53.533843,9.8713628
53.4530918,9.8669902
53.4532043,9.8670936
53.4822875,10.1998346
53.4884033,10.1832193
53.4956924,10.1798577
53.4959473,10.1800936
53.572125,9.8814887
53.5722097,9.8809597
53.491124,10.0647832
53.4712756,10.0824922
53.5806606,9.7872735
53.5803189,9.7975816
53.5763526,9.802429
53.5765131,9.802368
53.5735988,9.8065014
53.5729671,9.8072173
53.5678193,9.8102267
53.5691292,9.8091977
53.563496,9.8146273
53.5636099,9.8135833
53.5722087,9.8244804
53.5718931,9.8243925
53.5767858,9.8211051
53.5828742,9.8288803
53.5671922,9.8882235
53.568256,9.8868526
53.567927,9.8875815
53.5630515,9.8872656
53.563043,9.8869725
53.5587478,9.8872221
53.5585646,9.8868971
53.558796,9.8869816
53.5588803,9.8868351
53.5594235,9.9278323
53.5593716,9.9277099
53.5642321,9.9183429
53.5636356,9.9193955
53.5638858,9.9201421
53.5755036,9.8895894
53.5939879,9.8698426
53.5636182,9.9285243
53.563409,9.9289586
53.5623623,9.9491337
53.5512695,10.0057097
53.5488855,10.0065065
53.5379381,10.0308264
53.5377792,10.0308887
53.6213723,9.8883306
53.6206233,9.8971488
53.6185495,9.8964413
53.6170573,9.8971377
53.5746578,9.9587898
53.5731894,9.9645319
53.5729072,9.9652256
53.6470964,9.9085226
53.6470686,9.9090092
53.6454264,9.9121259
53.6452862,9.9125665
53.6425808,9.9161314
53.6421293,9.9162355
53.6429157,9.9167154
53.6428518,9.9170582
53.6397351,9.9158995
53.639647,9.916027
53.6354066,9.9186684
53.6324804,9.9212778
53.6321003,9.9214536
53.6225943,9.9415447
53.6222351,9.9414611
53.6137113,9.9517731
53.6140209,9.9519927
53.5843908,9.9702442
53.5821015,9.9716928
53.5818326,9.9721716
53.6074761,10.0389614
53.6083435,10.0370219
53.6272553,10.0852653
53.6050754,10.1621526
53.6049709,10.1622675
53.6046258,10.1753733
53.6045857,10.1739712
53.6031915,10.1804584
53.4833414,10.0185424
53.4852632,10.0241451
53.4414498,10.2782533
53.4618054,10.2725411
53.462011,10.2707138
53.4574267,10.2063589
53.4576753,10.2060226
53.4653577,10.2615407
53.4023871,10.2050324
53.4439709,10.1643268
53.4440217,10.1643884
53.4375813,10.1969615
53.4792756,10.0911969
53.4716363,10.1043271
53.4551547,10.1478292
53.4552322,10.1477136
53.4766041,10.0845886
53.4783578,10.0988923
53.4613274,10.1305205
53.4654978,10.1130769
53.4640188,10.1219104
53.4639608,10.1195633
53.4751456,10.1019553
53.4512183,10.1569714
53.4512741,10.157049
53.6220841,9.9996224
53.6218811,10.0003472
53.6201618,10.0001878
53.6186216,9.9824314
53.6202942,9.9831294
53.6203228,9.9861013
53.6216528,9.9899905
53.621481,9.9893575
53.6217673,9.9928014
53.6218978,9.9929999
53.6217577,9.9964372
53.6230178,10.1111581
53.4723385,9.8393254
53.4645859,9.8551486
53.462039,9.8545997
53.4717252,9.8331508
53.6026595,10.1819694
53.6030001,10.179472
53.6211997,9.9967592
53.6377891,9.9204441
53.5744666,10.0999904
53.7118779,10.108042
53.7119875,10.1079501
53.478284,9.8842639
53.47732,9.8952026
53.4776266,9.8939945
53.4818843,9.9080181
53.4777086,9.8787722
53.477935,9.8790087
53.5695404,9.8785363
53.4895766,9.9412364
53.4896834,9.9412186
53.6268365,10.012646
53.5405072,10.0064404
53.4453135,10.2241503
53.5457239,9.9711681
53.4451823,10.2284587
53.4452538,10.2286654
53.5715951,9.9776366
53.5145355,10.1673055
53.5535939,10.0235813
53.6319029,10.0261516
53.5060799,10.1918297
53.5621582,9.9057064
53.5622994,9.9057049
53.5273618,10.1366518
53.5276976,10.1352507
53.6285787,10.1648263
53.6289457,10.165906
53.5318909,9.7773488
53.5299124,9.8059183
53.6643481,10.0764433
53.6639723,10.0764247
53.5242666,9.7783238
53.5242834,9.7784816
53.5545095,9.9646195
53.5553283,9.9647109
53.6302453,9.9621976
53.5136452,9.8115154
53.5137126,9.8118385
53.5150108,9.7947563
53.5150224,9.7942044
53.5207205,9.7743918
53.5127794,9.8195815
53.5128675,9.8195517
53.5134493,9.8037609
53.5135642,9.8035488
53.5250611,9.7804297
53.5211764,9.7815243
53.5212212,9.7797825
53.5241639,9.7829392
53.522022,9.7832048
53.5026232,9.9073912
53.4819411,10.1177563
53.4746881,10.1585376
53.4714202,10.1727356
53.4531218,10.0058915
53.4514149,10.0099974
53.4489265,10.0171226
53.4973393,10.0034093
53.4977363,10.0027045
53.4821882,10.1285634
53.4820731,10.129686
53.470958,10.1745054
53.4713598,10.1746095
53.4681966,10.1757904
53.4848537,10.1162308
53.4850223,10.115809
53.510556,9.992821
53.5911245,10.1851861
53.4894455,10.1636368
53.4835514,10.1718257
53.4709911,10.0211157
53.4710604,10.0209959
53.4684082,10.0112768
53.4685918,10.012391
53.4250078,9.9683799
53.4251904,9.9676337
53.4255578,9.9638222
53.4242726,9.9733493
53.508894,10.0480046
53.5244303,10.0216337
53.4674965,10.1715048
53.5306568,9.7715397
53.4933347,9.9316855
53.493446,9.9317546
53.4950341,9.9216626
53.4950851,9.9222893
53.4951288,9.9184016
53.4952062,9.9188442
53.4948053,9.9281247
53.5080385,9.8491457
53.5081346,9.8497918
53.5070578,9.8438893
53.5072323,9.843211
53.52027,9.8117105
53.5079448,9.8365625
53.5080254,9.8364336
53.4659514,9.9806035
53.5368993,9.8470254
53.6275412,10.0064244
53.626318,10.0071942
53.6054855,9.989777
53.4819719,10.2297621
53.4607193,9.9807143
53.5977939,9.9318015
53.6047853,10.0248737
53.6060466,10.0250478
53.46087,9.9794862
53.5201142,9.7994692
53.5202939,9.7994263
53.5208608,9.8121089
53.5157435,9.8113267
53.620777,9.8979999
53.6193267,9.8978955
53.5520329,10.0101967
53.6276032,10.0062536
53.6259812,10.0071797
53.4904458,10.1789266
53.4903029,10.1790941
53.4921986,10.177822
53.4938642,10.1791733
53.4942704,10.1799095
53.4920576,10.2183241
53.5216163,9.9819664
53.523292,9.9828174
53.573075,10.0924658
53.5830509,10.0331563
53.5848238,10.1333461
53.5667764,9.7792263
53.5378114,10.0310477
53.5283088,9.7973766
53.5284346,9.797243
53.4679701,9.8545875
53.4676747,9.8548692
53.4682628,9.855903
53.4922185,10.1249995
53.4923265,10.1253118
53.4887297,10.1188719
53.4890324,10.1195506
53.5645619,9.9841059
53.5713062,9.9784266
53.5729246,9.978215
53.561257,9.9901433
53.5669,9.9811781
53.5673104,9.9807397
53.5851694,9.968855
53.564206,9.9843635
53.5589955,10.1254149
53.5534389,10.1290809
53.4381193,10.0078398
53.4398567,10.0065453
53.4717515,9.9251756
53.5220175,9.9477971
53.4158692,9.9821093
53.4174316,9.9828913
53.7114127,10.1069464
53.5207723,10.0068254
53.5203779,10.0042219
53.5310973,10.0598009
53.5434401,10.0022914
53.4760676,10.1404843
53.4761025,10.1406073
53.5408352,10.0063131
53.5930306,9.9279457
53.5497267,9.8980108
53.5497384,9.9026246
53.5526945,9.8939017
53.5403266,9.9936692
53.5375372,10.0133865
53.5353827,10.0241051
53.5362474,10.0220389
53.535432,10.0245083
53.5363335,10.0225718
53.5327632,10.1109751
53.5059784,9.9659746
53.5070916,9.9662821
53.4973221,9.9645669
53.5155255,10.0731528
53.48287,10.1244766
53.4829407,10.1246414
53.5240731,10.0673868
53.5129346,10.0836497
53.5129879,10.0836074
53.5870984,10.0050435
53.5875697,10.0049163
53.6052356,9.9549743
53.6058925,9.9554292
53.5787473,9.9658221
53.574016,9.9729892
53.5740159,9.9726946
53.5460274,9.9574713
53.5516342,9.9587727
53.4806861,10.245425
53.4809551,10.2447801
53.4853478,10.1470484
53.4839464,10.1588335
53.4847518,10.1521074
53.4895786,10.1536643
53.4888603,10.1661444
53.4868593,10.1654502
53.4844847,10.1543469
53.4886838,10.1476287
53.4854525,10.1628646
53.4819557,10.1181322
53.4707912,9.9517621
53.4677262,9.9685454
53.4717998,9.9309411
53.5891312,9.9748539
53.5714414,9.8975339
53.6068702,10.1751234
53.4712762,9.8207285
53.4719587,9.8199604
53.5652359,9.9256573
53.5701387,9.9244212
53.5704016,9.9242375
53.5760921,9.82459
53.4763626,9.869262
53.4763177,9.8676303
53.526977,10.0163476
53.52929,10.0130932
53.4482688,9.9429768
53.4553905,9.9362346
53.4554895,9.9360239
53.4703305,9.9723438
53.4537263,9.9258125
53.4264813,9.9609351
53.5354488,10.0244079
53.4875556,10.2208698
53.4874738,10.2196204
53.5564873,9.9297185
53.5455236,10.0300998
53.6103622,10.1777256
53.4676713,10.1713027
53.4691079,10.1523029
53.4691694,10.1527933
53.4687433,10.1597735
53.4688126,10.1598549
53.4088097,10.2458402
53.4460003,10.222415
53.5653145,9.878285
53.5656362,9.8777519
53.6207324,9.9865396
53.4460491,10.033392
53.4460791,10.0337158
53.6299334,9.9382589
53.6327595,10.0064105
53.5204072,9.950792
53.5712364,9.9162636
53.6315628,10.0069021
53.5209418,10.0132233
53.5917595,10.109409
53.5808668,10.0875256
53.5808396,10.0868208
53.5892509,10.1072875
53.5816666,10.0933212
53.5821784,10.095298
53.5864704,10.1032933
53.5795188,10.079658
53.5797052,10.0800362
53.5838568,10.0991519
53.5900253,10.0164362
53.5889318,10.0230481
53.5896334,9.9916037
53.4903655,10.1587682
53.6718674,10.0267453
53.4900518,10.1896861
53.5440539,9.9971102
53.5498339,9.9964219
53.5729606,10.1044737
53.5968302,10.0369639
53.5981206,10.0367457
53.5305372,9.8352075
53.5429426,10.0022937
53.560873,9.9904108
53.5625293,10.1085692
53.570667,10.1355405
53.5856565,10.1233085
53.5462441,10.1267158
53.5446632,10.1253917
53.5427802,10.1185937
53.5384248,10.140054
53.5357049,10.1311068
53.5443879,10.1273096
53.5471004,10.131827
53.542514,10.1147239
53.5367817,10.1345662
53.5410024,10.1394536
53.5425026,10.1276718
53.5302944,10.1087928
53.5303401,10.1085084
53.511261,9.9003178
53.5114829,9.901124
53.5574259,9.9886368
53.5579146,9.9890085
53.454301,9.9875427
53.4545786,9.987603
53.5398142,9.8637329
53.5309309,9.8479698
53.5410194,9.841243
53.6074298,10.1171098
53.6191682,9.9807851
53.6196328,9.9844893
53.5012524,10.1478315
53.5012701,10.1471476
53.5022419,10.1534132
53.5023255,10.1537787
53.5049835,10.1350192
53.5054612,10.1864362
53.4823092,10.1745432
53.4824548,10.1745029
53.4972673,10.0070987
53.4972756,10.007502
53.4975454,10.0070974
53.5785466,9.9658505
53.5006705,10.1074443
53.5449296,10.0250746
53.5476346,10.022971
53.5553384,10.055576
53.5825073,9.7788694
53.5819351,9.7816918
53.5822924,9.773746
53.5812721,9.7852363
53.644812,10.0338858
53.5431728,10.1512275
53.6280637,10.0134066
53.5635871,10.0349987
53.4408479,10.1839129
53.4716962,10.172488
53.4759406,10.1956465
53.5412639,10.1379485
53.5412886,10.1376164
53.5512273,9.9693487
53.4952266,10.2028001
53.4952482,10.202307
53.4972694,10.1968342
53.4972937,10.1969922
53.5006817,10.1985687
53.5006517,10.1989083
53.5025694,10.1943577
53.5495895,9.988776
53.5491599,9.9786112
53.5493682,9.9458068
53.5680388,9.8663093
53.5916074,10.0476995
53.5920251,10.0501071
53.4926985,10.1904976
53.4926418,10.1902634
53.548401,9.9889402
53.5166872,9.9874288
53.5140335,9.9870608
53.5147905,9.9873098
53.7087447,10.1052673
53.5911993,10.0078026
53.5228139,10.1552929
53.5226782,10.1554651
53.5591291,9.8133265
53.6112,9.8953329
53.610249,9.9733333
53.6394674,9.9702321
53.6381176,9.9689901
53.6347264,9.9666635
53.6352532,9.9668432
53.631373,9.9629371
53.6268492,9.958946
53.6273415,9.9598145
53.4740117,9.9040001
53.5492254,9.9551485
53.6066184,10.1186132
53.5636218,10.1081526
53.6731916,10.056928
53.5286477,9.8643759
53.5282367,9.864097
53.4637763,10.2084822
53.5556626,10.0413419
53.555656,10.0416352
53.5638552,10.1203065
53.5440311,9.9800572
53.4958371,9.909442
53.4493374,10.2304531
53.5660064,9.8948196
53.5663829,9.8944481
53.4259215,9.9758305
53.4264969,9.9754255
53.4294195,9.9721296
53.4291661,9.9726633
53.433439,9.9689078
53.4343414,9.9689138
53.53097,10.0602779
53.582493,9.7589333
53.5556659,9.9813384
53.5433358,9.8407069
53.5874696,10.0457256
53.5878714,10.0435224
53.4410824,10.1296077
53.4870096,10.1738948
53.5109686,10.0523039
53.4725878,9.8438326
53.47282,9.8444247
53.4718459,9.8936237
53.5832723,9.91238
53.5840499,9.910482
53.5446174,10.1257559
53.5271645,9.9304925
53.6503159,10.0090881
53.6211016,9.9081755
53.4783885,9.8829934
53.4774668,10.2061907
53.6109236,9.9113514
53.496297,9.9710826
53.5021711,9.968038
53.501737,9.9663169
53.5034608,9.9562283
53.5018367,9.9663625
53.5115087,9.9677367
53.4840209,9.9794802
53.4893934,9.9786126
53.5035215,9.956245
53.6517623,9.9187632
53.6516439,9.9184615
53.6385026,9.9105577
53.6392611,9.9105564
53.6419103,9.9117245
53.6419349,9.9114247
53.6430532,9.921526
53.6430778,9.9214174
53.6316215,9.9184894
53.4676538,9.8142857
53.4662641,9.8156208
53.4644551,9.8124009
53.4666069,9.81027
53.4672095,9.8091901
53.4673683,9.8089331
53.5572316,9.9693479
53.5391087,10.1103938
53.5267851,10.1497274
53.4903952,10.1585727
53.4889727,10.1935114
53.4889497,10.1964427
53.5344307,9.8872945
53.5345432,9.8867111
53.5317427,9.8938474
53.531392,9.8943946
53.5234056,9.9253461
53.5186183,9.9143644
53.5246309,9.901174
53.5240015,9.9032781
53.5201118,9.9262668
53.5187828,9.926821
53.5622661,9.9223877
53.5616821,9.9233942
53.5575249,9.8650808
53.5576409,9.8649117
53.5863962,10.1218945
53.5862773,10.1220796
53.5865459,10.1227937
53.5868084,10.1225526
53.5651235,10.133047
53.5367896,10.1093153
53.531396,10.1224495
53.5275036,10.1449823
53.4372742,10.1873195
53.4046458,10.1863622
53.4155088,10.1951488
53.4270306,10.2033874
53.4310965,10.198165
53.430206,10.1338604
53.4076341,10.1777668
53.580154,10.1378364
53.4622106,9.8660391
53.4623675,9.8661484
53.468336,9.855976
53.4563115,9.8668243
53.4569366,9.8665762
53.4786675,10.1779599
53.4856477,10.1149435
53.4748427,10.1585005
53.4683294,10.1758317
53.4861324,10.2341345
53.4888845,10.1977346
53.4779416,10.1846024
53.4770181,10.1910867
53.476734,10.1921341
53.4773709,10.1874416
53.468492,10.2369998
53.4479253,10.2213819
53.445482,10.2295305
53.4456765,10.2298275
53.446603,10.220366
53.4367085,10.2369957
53.5515803,9.934812
53.4062497,10.2077553
53.4203693,10.2023227
53.4206187,10.202426
53.420088,10.2020545
53.5199373,10.0004825
53.5199341,9.998212
53.516428,9.9926081
53.510918,9.9868303
53.5100833,9.9865928
53.506879,9.9861075
53.5062779,9.9862485
53.4992097,9.9966214
53.4995919,9.9962946
53.4986738,9.9996661
53.4983586,9.9997717
53.4856009,10.0172443
53.4867116,10.0184983
53.4466747,10.1078574
53.4368922,10.1065903
53.4563856,10.1058654
53.5702575,10.0769435
53.4711663,9.9396236
53.4716748,10.0744864
53.5297775,9.8044585
53.5382388,9.8638858
53.5376669,9.8643019
53.4819608,9.9056608
53.4645644,9.9595321
53.4500001,9.9370269
53.4649347,9.9772532
53.5980608,9.9363667
53.6017296,9.9312214
53.601169,9.931353
53.6097763,9.9164645
53.6110883,9.9114942
53.6088599,9.8909043
53.5641951,9.9687564
53.5869533,9.974847
53.5868156,9.9752171
53.4666365,9.9719796
53.4672977,9.9706171
53.4658967,9.9835854
53.4656021,9.9836746
53.4607625,9.978918
53.4494172,9.9539544
53.4976029,10.2078955
53.4738413,9.822646
53.472883,9.8744712
53.4729002,9.8742526
53.4728988,9.8739845
53.4714832,9.8264948
53.4709361,9.8275284
53.4739937,9.821431
53.470308,9.8629575
53.4714808,9.9014134
53.4772352,9.8737612
53.4754135,9.8540362
53.4594221,9.9841388
53.4697256,9.8634569
53.4696258,9.8637415
53.4550611,9.9459689
53.4551124,9.947273
53.4548231,9.9494431
53.4280137,9.9819133
53.4538626,9.9257894
53.4432229,9.9559548
53.4433219,9.9557067
53.4488356,10.0170918
53.4478061,10.023112
53.4478867,10.0231388
53.6259478,10.1400749
53.6267569,10.140192
53.6045562,10.1535166
53.5923903,9.8818048
53.5574423,9.9677447
53.5443994,10.0056702
53.5444893,10.0056228
53.5456462,10.0075095
53.5462374,10.0081766
53.5445011,10.0136087
53.5346727,9.779569
53.5274215,9.9858658
53.5275506,9.98595
53.5277513,9.9886896
53.5273536,9.9905493
53.5267334,9.9951392
53.5266712,9.9949113
53.5232472,9.9455239
53.5203894,9.9589486
53.5230159,9.9454531
53.5205601,9.9506218
53.5223248,9.9477834
53.468197,10.0063589
53.4681061,10.0065026
53.4689094,10.0015681
53.4694523,9.9998914
53.4701251,9.9953214
53.470191,9.9931416
53.4931884,9.9753804
53.4989922,9.9749003
53.4718414,9.925358
53.4718518,9.9209098
53.4731299,9.9777786
53.4729835,9.9581359
53.4745188,9.949909
53.5328287,9.8788591
53.5317477,9.778294
53.5319001,9.7783914
53.5003601,9.9215059
53.50025,9.9212519
53.503886,9.9217346
53.5037816,9.921952
53.5069723,9.9214727
53.6138265,10.0765808
53.623838,10.1112969
53.626796,10.1381899
53.6266735,10.1387362
53.6267821,10.1388611
53.6269185,10.1390181
53.6070051,10.0116767
53.481843,9.9936409
53.4818067,9.9933595
53.481792,9.9940346
53.5478094,10.0230832
53.5464104,9.9640107
53.5459633,9.9582365
53.5454515,10.0249158
53.542257,9.9988645
53.5381044,10.0089466
53.5379046,10.0085921
53.5478,9.9286145
53.4708531,9.982874
53.627833,10.0338938
53.6277004,10.0339648
53.591173,9.8741171
53.60712,9.8647725
53.5455403,9.9706999
53.5456733,9.9703262
53.657955,10.0042324
53.5559715,9.9222408
53.5561321,9.9208005
53.558225,9.9143008
53.5579337,9.9146066
53.5651043,9.870442
53.5652513,9.8695622
53.5728826,9.8647168
53.5773244,9.8140969
53.4912454,10.1883938
53.491361,10.1886035
53.4925165,10.1955613
53.4923532,10.1943013
53.4407391,10.2319563
53.4490628,10.2300565
53.4544048,10.2328105
53.4539253,10.2324705
53.45881,10.2342468
53.4628565,10.235779
53.4630026,10.2357019
53.416995,10.2013783
53.4191986,10.2013213
53.5901011,9.9194405
53.5899495,9.9188344
53.5817935,9.8666309
53.5933073,9.9442019
53.5935261,9.9439172
53.5918943,10.0751293
53.5921346,10.0757389
53.5476591,9.9294935
53.5522562,9.8906496
53.5536158,9.876984
53.4779958,10.1861896
53.4806049,10.1871928
53.4858759,10.1892333
53.5415275,10.1274513
53.4792843,9.8548995
53.4759324,9.8460481
53.4782694,9.850399
53.5104168,10.1854272
53.5268074,10.1099757
53.5387485,10.1277865
53.5388254,10.1268055
53.5939407,10.1829623
53.595172,10.1694325
53.5953042,10.1683248
53.598477,9.8610308
53.5518139,10.0110159
53.5518578,10.0107631
53.551889,10.0112351
53.5518919,10.0113324
53.5518917,10.011438
53.5518974,10.0115407
53.5519051,10.0116511
53.5519174,10.0117574
53.5519325,10.0118584
53.5519516,10.011962
53.5519753,10.0120606
53.5520034,10.0121568
53.5520283,10.0122655
53.5520628,10.0123503
53.5521022,10.0124336
53.5521441,10.0125152
53.5523426,10.0108181
53.5249606,10.0218828
53.4950411,10.0204703
53.5152646,10.034509
53.4837576,10.0129833
53.4717105,9.9654733
53.4561111,10.0807775
53.6330742,9.9115804
53.5760127,9.9526766
53.5693092,9.9646061
53.5695689,9.9646164
53.6442411,9.908815
53.6443806,9.9085629
53.6275601,9.919303
53.6250442,9.9170836
53.6250231,9.916814
53.6165775,9.9061523
53.6192237,9.90116
53.6276871,9.9191187
53.489205,10.192911
53.5938142,10.0509265
53.579567,10.1448528
53.4843024,10.1548413
53.4815296,10.1539368
53.4812697,10.1540477
53.5546433,10.085202
53.5929207,10.0524387
53.4808211,10.1573143
53.4532708,10.0053585
53.4747116,9.8539696
53.563362,9.8138702
53.5788584,9.7741916
53.5788942,9.7738583
53.5793647,9.7666064
53.5797963,9.7657401
53.5850542,9.740328
53.5849766,9.7402073
53.5414869,10.0032878
53.4487556,9.9489121
53.4494046,9.953675
53.5503866,9.9704455
53.5635356,9.8660861
53.5517142,9.9343557
53.551722,9.9338682
53.551588,9.9335635
53.5517081,9.9348078
53.5516496,9.9351087
53.5515805,9.9341297
53.5900313,9.9188809
53.5678301,10.1230267
53.5678173,10.1226252
53.5799678,10.1374487
53.5672713,10.040887
53.584292,9.7707521
53.6406777,10.083162
53.5202847,10.01854
53.6604877,10.0027179
53.67226,10.0270826
53.6612628,10.0218073
53.6202786,10.0071912
53.6198245,10.0062806
53.6320595,10.0064942
53.6324218,10.0064445
53.6778724,10.0007025
53.6782086,10.0008512
53.6541638,10.0065162
53.5839063,10.1331119
53.5551044,10.0563656
53.5555532,10.0544368
53.5394973,9.8848862
53.6183041,10.0198719
53.5555585,9.9831229
53.5921629,10.1097775
53.5834583,10.0985404
53.5868832,10.1042589
53.5890446,10.1072274
53.6134763,10.0713767
53.6137369,10.0713069
53.632699,10.0259801
53.6515089,10.0682221
53.4558035,9.9905931
53.4704221,10.02702
53.4705127,10.0276329
53.4663878,10.0452603
53.4678523,10.0367108
53.4699896,9.9951034
53.4351918,10.1298846
53.4128512,10.1572442
53.4113744,10.1645833
53.5607413,9.8227653
53.4978144,10.1816285
53.4978615,10.1820168
53.5009986,10.1872966
53.5018007,10.1883548
53.4983358,10.2084091
53.4988789,9.9191042
53.4894905,9.9366688
53.5410031,10.139029
53.527116,10.1499827
53.6212766,10.0309405
53.4587788,9.9565369
53.4590147,9.9567235
53.5824281,9.9362357
53.6321405,9.9052997
53.6314243,9.9007231
53.6314304,9.8998872
53.639343,10.0134057
53.639429,10.0136989
53.6309794,10.0210987
53.6477581,10.037144
53.6442329,10.0283421
53.6481619,10.0327398
53.5308793,10.1158911
53.5309327,10.1160084
53.5369327,10.1086512
53.4510902,9.9434926
53.4511425,9.9433438
53.5187058,9.98308
53.5542842,10.0847217
53.5544933,10.0846948
53.6260901,9.9040917
53.6190777,10.0733571
53.6305257,10.0214228
53.52378,10.111814
53.5241365,9.981792
53.4975856,10.0073019
53.428802,10.2052052
53.526591,10.1107835
53.5724607,9.9933745
53.5725444,10.0704848
53.5029774,10.1976506
53.5028678,10.197414
53.4882885,10.1831794
53.5091526,10.2017404
53.5093435,10.2022946
53.5418328,9.9662247
53.5474438,9.9978791
53.5738512,9.8923552
53.5739631,9.8917509
53.5736767,9.8919687
53.572832,9.906342
53.5648319,9.764138
53.5523619,9.8900257
53.5475446,9.8642944
53.5679107,9.7937617
53.5682372,9.7928578
53.5820241,9.811534
53.5801407,9.8166727
53.5800802,9.8165081
53.5805571,9.8135637
53.5234895,10.0066002
53.528995,9.8595294
53.528201,9.8598567
53.5312458,9.8590386
53.531836,9.8590634
53.5334936,10.0274672
53.5335494,10.0276925
53.5810954,9.8846695
53.4731528,10.2392298
53.4731012,10.2390647
53.5604569,9.7910935
53.4599407,9.9349356
53.448834,9.9496714
53.4337334,10.1922932
53.4338802,10.1919714
53.5121765,10.1976044
53.4939104,10.1878613
53.5122824,10.2004959
53.417419,10.2014521
53.4133481,10.2093451
53.5357533,10.1316288
53.5386812,10.1405284
53.5367388,10.1347301
53.5424061,10.1151909
53.5218869,10.1040558
53.5214702,10.1036448
53.5273874,10.1450469
53.5313579,10.1222416
53.6187683,9.8902147
53.5555999,9.9859485
53.5557647,9.9857134
53.547585,10.003239
53.5471897,10.0028307
53.57008,10.0612344
53.4894468,10.1624445
53.4772745,10.1817127
53.4765268,10.1810544
53.4751116,10.1820262
53.4751982,10.1820332
53.4750351,10.1879657
53.4749819,10.1877115
53.476885,10.1890736
53.4792494,10.1789611
53.5886777,10.0616227
53.5891642,10.0610631
53.4593235,10.2345578
53.5908811,10.1345275
53.5388722,10.042648
53.5387175,10.0424433
53.500853,10.0719034
53.5007447,10.0721557
53.5004777,10.0826269
53.5005208,10.0827697
53.4958272,10.0912227
53.4958527,10.091338
53.4921436,10.0923854
53.4918356,10.0924391
53.4875452,10.0949402
53.4877196,10.0948765
53.4875404,10.1043601
53.4876031,10.1044178
53.4854797,10.1150689
53.5501029,10.0003264
53.5501011,10.002764
53.5336771,10.0414933
53.5336428,10.0416043
53.530461,10.0427967
53.5302963,10.0428416
53.5245793,10.0520098
53.5535647,10.0338561
53.6240289,10.1108082
53.5779678,9.8117868
53.5777229,9.8122669
53.4717228,9.8928639
53.460866,9.939464
53.4618956,9.94488
53.4719324,9.9207813
53.5493281,10.0911712
53.6397414,10.0667895
53.6397944,10.0665969
53.5550623,9.8984991
53.5657451,9.7611943
53.5400279,9.9961259
53.5916388,9.8764386
53.5600173,10.1009264
53.5599717,10.1010722
53.562034,10.1017441
53.5619608,10.1025229
53.5507867,10.0942555
53.5547925,10.1007284
53.5546885,10.1003972
53.5528361,10.0976895
53.5526585,10.0972804
53.5464709,10.0982159
53.5460453,10.0976343
53.5491209,10.1001772
53.5500722,10.1010838
53.5525804,10.1030841
53.5521279,10.1028279
53.5567352,10.1064023
53.5570821,10.1065217
53.5471483,10.036762
53.5254102,9.9997072
53.5801473,10.0303581
53.5805823,10.0270047
53.5805758,10.0261775
53.5859029,10.0178032
53.5581611,9.9380503
53.5584027,9.9387706
53.4952337,10.1287119
53.5040077,10.212518
53.5464252,9.9499246
53.54622,9.9502122
53.546391,9.9413918
53.5845167,9.7782556
53.6096117,10.141557
53.6095894,10.1412512
53.6077363,10.1370576
53.6132636,10.1502635
53.6136677,10.1515643
53.6120392,10.147545
53.611814,10.1466706
53.5622769,10.0472292
53.562406,10.0471726
53.5483598,9.9439004
53.5484815,9.945486
53.5619165,10.0379086
53.5616499,10.0375003
53.5638679,10.0446753
53.5639248,10.0443975
53.5605307,10.0338537
53.5577733,10.0495699
53.557862,10.0496465
53.5593529,10.0473451
53.5593211,10.0472271
53.5612398,10.034728
53.4808848,10.1731513
53.4804405,10.1734509
53.4914988,10.1827222
53.4913552,10.1830444
53.4769478,10.2032816
53.4770931,10.2037956
53.4736298,9.8533342
53.473554,9.8531029
53.4735763,9.8523478
53.4200582,10.2209726
53.4272951,10.2260841
53.4325009,10.2298205
53.4349758,10.2315998
53.6071749,10.1175667
53.6071304,10.1177122
53.5669606,9.977778
53.5672784,9.9770512
53.5533134,10.0216743
53.534457,10.0252564
53.4242846,9.9794899
53.546077,10.0033964
53.5460459,10.0030477
53.5904862,10.1336686
53.5521665,10.010521
53.5563456,10.0435993
53.4734727,9.8354702
53.6382116,10.1352384
53.5614867,9.9405648
53.552437,10.0337439
53.5521886,10.0325106
53.6278632,9.9184816
53.6222451,10.0260954
53.5937202,9.9431278
53.5619842,9.9760161
53.5341256,10.0257816
53.521033,10.0135057
53.5812747,10.1270842
53.7142402,10.139654
53.7141878,10.1391511
53.4970597,10.1126434
53.4972421,10.1126857
53.5681014,10.0392395
53.5533681,10.0083105
53.5531923,10.0083637
53.5530232,10.0084129
53.5528428,10.0084729
53.5597778,9.7906134
53.6088889,10.0217762
53.5679831,9.9704358
53.4853343,10.1728052
53.5775878,9.9616795
53.5302728,9.7912157
53.5312233,9.7874234
53.5997368,10.1187716
53.5279678,9.8808269
53.5278661,9.8807692
53.5496624,9.9969023
53.5496154,9.9974642
53.6036669,10.1519412
53.5943045,10.1754172
53.6030788,10.1509944
53.6067186,10.1493596
53.6019815,10.149027
53.483582,10.1619022
53.5777782,10.0282806
53.5778857,10.0282739
53.59051,10.1786654
53.5920567,10.1735859
53.5927118,10.1716045
53.5945281,10.168475
53.5755964,10.0964081
53.5756588,10.0960093
53.4514264,10.0097549
53.5479179,9.9941327
53.5481302,9.994668
53.5835189,9.7452486
53.5831184,9.7419166
53.5839058,9.7537599
53.585826,9.749245
53.5864271,9.7435883
53.5864748,9.7399941
53.4636209,9.9878193
53.4635009,9.9876592
53.605907,10.1462147
53.6084277,10.1446174
53.6093768,10.1918487
53.5446442,9.9758917
53.5444887,9.9753361
53.5005148,10.0018085
53.5004932,10.0014558
53.502253,10.0037786
53.5021793,10.0034126
53.5063927,10.0041917
53.5064294,10.00402
53.5109451,10.0039329
53.5104387,10.0041407
53.5148624,10.0015229
53.5147866,10.0014786
53.516214,10.000961
53.5170186,10.0008416
53.5193031,9.9996883
53.4512933,9.9476697
53.4251126,10.2008025
53.567032,10.0771252
53.5588406,10.1102275
53.4799971,10.2043374
53.4739147,9.9032974
53.5526657,10.0151733
53.5830557,9.9587655
53.5837654,9.9618242
53.5857854,9.9670446
53.5438112,9.9898724
53.5655852,9.8962722
53.5644277,9.9413824
53.564411,9.9416399
53.5652585,9.9431258
53.5849281,9.9650069
53.5726676,9.9444066
53.5734982,9.9477459
53.5884889,9.9760298
53.5574603,10.1032621
53.5576117,10.1032835
53.5635927,10.1081266
53.5634164,10.1075343
53.5648102,10.0712777
53.5647268,10.0711943
53.5548535,9.86958
53.554905,9.8694366
53.503984,10.2044796
53.5106284,10.2034586
53.6403951,9.9492096
53.7106693,10.1295716
53.7109312,10.13023
53.5456208,10.0482604
53.5462722,10.0460288
53.5776133,9.9527218
53.5775184,9.9522769
53.5359733,9.8662376
53.5355541,9.8665152
53.5335853,9.8508967
53.5335263,9.8510161
53.5629084,10.0175578
53.5604767,10.0523355
53.6274333,10.1676951
53.628437,9.9222917
53.6147047,10.1543798
53.5528216,10.0493773
53.5528336,10.0491619
53.6259317,9.9026645
53.5544263,10.0835894
53.5518958,10.0164279
53.4326252,10.2026349
53.4333623,10.2033531
53.4358398,10.2053145
53.4352934,10.2048196
53.4865506,10.0228431
53.5531945,10.0855017
53.541726,10.1069753
53.5416351,10.1083419
53.5794296,9.7614732
53.5844328,9.7755146
53.5763147,9.7529089
53.5763561,9.7528285
53.5792401,9.7496152
53.5792831,9.7497332
53.5758795,9.7490969
53.5759635,9.7491887
53.569453,9.7660424
53.5695832,9.7655234
53.577232,9.761138
53.5898239,9.7523832
53.5872001,9.764539
53.5892316,9.7671676
53.5815476,9.7520184
53.5817737,9.752394
53.5876268,9.7529626
53.589429,9.7632945
53.5805563,9.7624569
53.5848882,9.7656011
53.5890032,9.76046
53.5651111,9.7983617
53.4725374,10.1625142
53.4724784,10.1648299
53.5426305,10.0426868
53.5427991,10.0428826
53.5144272,9.9123291
53.6228589,10.0344658
53.5308512,9.98595
53.6113844,10.0697529
53.6107638,10.0688517
53.6243447,10.1404452
53.6433027,10.0310912
53.5807013,10.1316524
53.5818908,10.1323668
53.5800595,9.8230299
53.5803278,9.8231399
53.5319257,9.8766071
53.4099694,10.2094846
53.410203,10.2098667
53.5685881,9.8468797
53.450972,10.2148095
53.4512268,10.2149275
53.4825936,10.0159264
53.5502316,9.9961478
53.6009254,10.013621
53.6017236,10.0357103
53.6017451,10.0354233
53.6091213,10.0450359
53.5989705,10.0438497
53.6096674,10.0518894
53.6047194,10.0128759
53.6148763,10.0717568
53.6225757,10.0069234
53.5883762,10.0334656
53.5910294,10.0355429
53.5913529,10.0400173
53.539938,10.0138983
53.581716,10.1514202
53.5819163,10.1512993
53.58178,10.1514656
53.5383731,10.0084658
53.5793098,10.1445497
53.5914703,10.0422334
53.5914459,10.0398079
53.5546816,10.0502038
53.5546837,10.050358
53.5482359,10.0510394
53.5481491,10.0511557
53.5910983,10.0350183
53.589039,10.0329026
53.5310376,10.1544478
53.5326388,10.1505775
53.5307474,10.1548609
53.5285401,10.1545763
53.5285962,10.1531728
53.5701986,9.8763257
53.5825184,10.0411037
53.5831611,10.0416856
53.5986451,10.1799876
53.5552872,9.9415912
53.5554945,9.9414903
53.6024828,10.1456138
53.5658614,9.9890023
53.5667407,9.9884713
53.5472366,10.1318166
53.5361407,9.8579711
53.5361455,9.8581092
53.5669514,10.0774099
53.4569973,9.9845873
53.4677857,10.1097876
53.4246926,10.2008513
53.5142866,10.1666397
53.5139445,10.1669669
53.5585152,9.8619709
53.6087637,10.0603895
53.609358,10.0618766
53.6102597,10.062168
53.5908613,9.9197027
53.5910282,9.9195175
53.5616021,9.9478961
53.5957696,9.905149
53.6322965,9.9109699
53.6324253,9.9106564
53.5955072,9.9052429
53.5951388,9.9050563
53.4243412,9.9796683
53.4575946,9.9937432
53.4637404,9.9832316
53.4633563,9.9839477
53.424643,9.9934816
53.5621317,9.9079492
53.5245788,9.9420744
